Image,True_Class,Box_Area,Size_Category
AngelFish_image_19_jpg.rf.b2fb60c85974a119a3f4aa9689ae8253.jpg,AngelFish,0.043271484375,normal
AngelFish_image_24_jpg.rf.4d626de198ca2da0fd6c2f89288f0364.jpg,AngelFish,0.474169921875,normal
AngelFish_image_264_jpg.rf.b3162c8b54fef25db2a88c7ae0d4817d.jpg,AngelFish,0.0237469482421875,normal
AngelFish_image_264_jpg.rf.b3162c8b54fef25db2a88c7ae0d4817d.jpg,AngelFish,0.019901123046875,normal
AngelFish_image_281_jpg.rf.c6400c999d2dfdf8f2918249def05f90.jpg,AngelFish,0.2215576171875,normal
AngelFish_image_290_jpg.rf.b38b7cf1284aa9fd6c1349690587149e.jpg,AngelFish,0.0542120361328125,normal
AngelFish_image_298_jpg.rf.7448c0c47bc9bd116b5c13b8ee7f4a46.jpg,AngelFish,0.0254425048828125,normal
AngelFish_image_312_jpg.rf.f52889279f301a80cf663c7168217fa2.jpg,AngelFish,0.16315917968750002,normal
AngelFish_image_383_jpg.rf.d8d9adfe00317581c2aaa5607c2fe1b9.jpg,AngelFish,0.08759765625,normal
AngelFish_image_383_jpg.rf.d8d9adfe00317581c2aaa5607c2fe1b9.jpg,AngelFish,0.09890258789062499,normal
AngelFish_image_96_jpg.rf.226d5dbbda3687e73b58c3813e659d9c.jpg,AngelFish,0.5437243652343751,normal
ClownFish_image_111_jpg.rf.fe300a304b9f3d55e8122d1edbac39cb.jpg,ClownFish,0.2942431640625,normal
ClownFish_image_16_jpg.rf.91c3882da1eeb4490a477042216d71b1.jpg,ClownFish,0.010009765625,normal
ClownFish_image_254_jpg.rf.24390cb4133ac5e507d720e586805180.jpg,ClownFish,0.017709960937499998,normal
IMG_2948_JPG_jpg.rf.f420a0b9cb97bf2c28297b82c3c4d2aa.jpg,YellowCichlid,0.014853515624999999,normal
IMG_2948_JPG_jpg.rf.f420a0b9cb97bf2c28297b82c3c4d2aa.jpg,YellowCichlid,0.021020507812500002,normal
IMG_2948_JPG_jpg.rf.f420a0b9cb97bf2c28297b82c3c4d2aa.jpg,YellowCichlid,0.0359912109375,normal
IMG_3120_jpg.rf.e33238bd987037cd59f664e5f1d2599e.jpg,YellowCichlid,0.00458984375,small
IMG_3120_jpg.rf.e33238bd987037cd59f664e5f1d2599e.jpg,YellowCichlid,0.00166015625,small
IMG_3120_jpg.rf.e33238bd987037cd59f664e5f1d2599e.jpg,YellowCichlid,0.00078857421875,small
IMG_3120_jpg.rf.e33238bd987037cd59f664e5f1d2599e.jpg,YellowCichlid,0.00333984375,small
IMG_3120_jpg.rf.e33238bd987037cd59f664e5f1d2599e.jpg,YellowCichlid,0.0008544921875,small
IMG_3120_jpg.rf.e33238bd987037cd59f664e5f1d2599e.jpg,YellowCichlid,0.00146484375,small
IMG_3127_jpg.rf.44cd058c00c2cb18967ec2e85d1dfacb.jpg,YellowCichlid,0.0017138671875,small
IMG_3127_jpg.rf.44cd058c00c2cb18967ec2e85d1dfacb.jpg,YellowCichlid,0.0006591796875,small
IMG_3127_jpg.rf.44cd058c00c2cb18967ec2e85d1dfacb.jpg,YellowCichlid,0.00424560546875,small
IMG_3127_jpg.rf.44cd058c00c2cb18967ec2e85d1dfacb.jpg,YellowCichlid,0.0037060546874999995,small
IMG_3127_jpg.rf.44cd058c00c2cb18967ec2e85d1dfacb.jpg,YellowCichlid,0.00219482421875,small
IMG_3127_jpg.rf.44cd058c00c2cb18967ec2e85d1dfacb.jpg,YellowCichlid,0.0025000000000000005,small
IMG_3127_jpg.rf.44cd058c00c2cb18967ec2e85d1dfacb.jpg,YellowCichlid,0.0022412109375,small
IMG_3127_jpg.rf.44cd058c00c2cb18967ec2e85d1dfacb.jpg,YellowCichlid,0.0007470703125,small
ParacanthHepatMarkRosenstein_jpg.rf.71e47439909e29ae323a7c159aeb017f.jpg,BlueTang,0.07041015625000001,normal
ParacanthurusHepatus-254-_jpg.rf.be8f8534fdaf6566310e037d58fec6c1.jpg,YellowTang,0.064013671875,normal
ParacanthurusHepatus-255-_jpg.rf.e83eccd217fa3f49ef87d8bf8c9e2b62.jpg,YellowTang,0.3033935546875,normal
Zebrafish-Not-Green-363-_png_jpg.rf.5d0c3bce209ee9880380ae19c52434aa.jpg,ZebraFish,0.0546875,normal
ZebrasomaFlavescens-272-_jpg.rf.111ab934d95f7a15e1758e54b9d54945.jpg,YellowTang,0.008203125,small
ZebrasomaFlavescens-272-_jpg.rf.111ab934d95f7a15e1758e54b9d54945.jpg,YellowTang,0.00796875,small
ZebrasomaFlavescens-272-_jpg.rf.111ab934d95f7a15e1758e54b9d54945.jpg,YellowTang,0.014531250000000002,normal
ZebrasomaFlavescens-272-_jpg.rf.111ab934d95f7a15e1758e54b9d54945.jpg,YellowTang,0.012744140624999999,normal
batch_google_40_molly_40_jpg.rf.18ac026073529816c2961ddf83b2414a.jpg,PlatyFish,0.38925354003906254,normal
batch_ytvideo_165_molly_154_jpg.rf.ee3e7c75a9d7536d54956eed4f3fe670.jpg,PlatyFish,0.010458984374999999,normal
batch_ytvideo_165_molly_154_jpg.rf.ee3e7c75a9d7536d54956eed4f3fe670.jpg,PlatyFish,0.01515625,normal
batch_ytvideo_165_molly_154_jpg.rf.ee3e7c75a9d7536d54956eed4f3fe670.jpg,PlatyFish,0.007724609375,small
batch_ytvideo_165_molly_57_jpg.rf.a03d8f8110ae48bc9f7b73d80903b298.jpg,PlatyFish,0.013985595703125001,normal
batch_ytvideo_165_molly_57_jpg.rf.a03d8f8110ae48bc9f7b73d80903b298.jpg,PlatyFish,0.011838989257812502,normal
batch_ytvideo_165_molly_57_jpg.rf.a03d8f8110ae48bc9f7b73d80903b298.jpg,PlatyFish,0.015104980468749998,normal
batch_ytvideo_165_molly_57_jpg.rf.a03d8f8110ae48bc9f7b73d80903b298.jpg,PlatyFish,0.006163330078124999,small
batch_ytvideo_165_molly_57_jpg.rf.a03d8f8110ae48bc9f7b73d80903b298.jpg,PlatyFish,0.0094732666015625,small
batch_ytvideo_165_molly_58_jpg.rf.0918ae7a7ca58aa992a244b43ae34000.jpg,PlatyFish,0.007331542968749999,small
batch_ytvideo_165_molly_58_jpg.rf.0918ae7a7ca58aa992a244b43ae34000.jpg,PlatyFish,0.01201171875,normal
batch_ytvideo_165_molly_58_jpg.rf.0918ae7a7ca58aa992a244b43ae34000.jpg,PlatyFish,0.018417968749999996,normal
batch_ytvideo_165_molly_69_jpg.rf.eeef6396de5e3393de627e10cb359066.jpg,PlatyFish,0.011967773437499999,normal
batch_ytvideo_165_molly_69_jpg.rf.eeef6396de5e3393de627e10cb359066.jpg,PlatyFish,0.0325860595703125,normal
batch_ytvideo_165_molly_69_jpg.rf.eeef6396de5e3393de627e10cb359066.jpg,PlatyFish,0.018691406249999997,normal
batch_ytvideo_91_goldfish_43_jpg.rf.5a8e0e251522f7ae4f9c68adcab22fdf.jpg,GoldFish,0.0056195068359375005,small
batch_ytvideo_91_goldfish_78_jpg.rf.85d72f16d9afdc2f74f266961af07097.jpg,GoldFish,0.016995849609375002,normal
batch_ytvideo_91_goldfish_9_jpg.rf.6044aca1285e18e9b06ffa4afb421ea7.jpg,GoldFish,0.042956542968750004,normal
iStock_91240281_SMALL_jpg.rf.0ffce9d63425690f897b1d62c29d6bff.jpg,ButterflyFish,0.09090087890625,normal
images-2023-05-20T172329-822_jpeg_jpg.rf.e0e52acce6a13abd1d61c0c675a2ded7.jpg,BlueTang,0.07568359375,normal
images-2023-05-20T172335-381_jpeg_jpg.rf.c329facd875084401bdfaaa7edaada04.jpg,BlueTang,0.0475146484375,normal
images-2023-05-20T172337-630_jpeg_jpg.rf.f2a5729165b54841a5b39736ca48af2d.jpg,BlueTang,0.06829589843749999,normal
images-2023-05-20T172338-839_jpeg_jpg.rf.18a688ebf6893495a40d34fc22d70a55.jpg,BlueTang,0.023095703125,normal
images-2023-05-20T172338-982_jpeg_jpg.rf.a633001d0212ce013878a6a4ea209f21.jpg,BlueTang,0.1174609375,normal
images-2023-05-20T172338-982_jpeg_jpg.rf.a633001d0212ce013878a6a4ea209f21.jpg,BlueTang,0.137158203125,normal
images-2023-05-20T172340-041_jpeg_jpg.rf.89b85f9009c9776f0dc39a5a4224ab85.jpg,ButterflyFish,0.036914062500000004,normal
images-2023-05-20T172340-368_jpeg_jpg.rf.351877a7ca6ae30c87fbdb2ebcd03354.jpg,BlueTang,0.014775390625,normal
images-64-_jpeg_jpg.rf.7f0eaa5bdaaee8b3ae14f38751f8c8dc.jpg,ButterflyFish,0.09959716796875,normal
moorish_idol_88_jpg.rf.2641e2267922955fccb94fb1c359a083.jpg,MorishIdol,0.013736572265625,normal
