Image,Total_Fish,AngelFish,BlueTang,ButterflyFish,ClownFish,GoldFish,Gourami,MorishIdol,PlatyFish,RibbonedSweetlips,ThreeStripedDamselfish,YellowCichlid,YellowTang,ZebraFish
10_jpeg.rf.94951c0379fe621911e4e48a35dc44e1.jpg,1,0,0,0,0,0,0,0,0,0,1,0,0,0
13_jpeg.rf.e9aefe712874f442cb303ffecee5025e.jpg,1,0,0,0,0,0,0,0,0,0,1,0,0,0
27810124356_df827be192_b_jpg.rf.f00300dea06207e8a40f4bc3de9dd277.jpg,4,0,0,0,4,0,0,0,0,0,0,0,0,0
3-stripe-damsel_jpeg.rf.0dbc05009e67e92d465df6537438cc8c.jpg,1,0,0,0,0,0,0,0,0,0,1,0,0,0
3-striped-damselfish-in-the-marine-aquarium_mp4-2_jpg.rf.9a0c6d65e8a78d13c3d7f77772e74ce9.jpg,1,0,0,0,0,0,0,0,0,0,1,0,0,0
3-striped-damselfish_jpeg.rf.b98f0fb4295dfa60feb74b4062b65458.jpg,1,0,0,0,0,0,0,0,0,0,1,0,0,0
41_jpeg.rf.d39a0eba7f9929a4e81a89463c537fe8.jpg,1,0,0,0,0,0,0,0,0,0,1,0,0,0
9becb8b1699ad10ea12b30afe9275791_jpg.rf.05b9a7da4472947843b4d3a702490380.jpg,1,0,0,0,1,0,0,0,0,0,0,0,0,0
AmphiprionPercula-121-_jpg.rf.db393c029288707d38b91c64f54f5b76.jpg,1,0,0,0,1,0,0,0,0,0,0,0,0,0
AmphiprionPercula-218-_jpg.rf.1da6d7faab76e42c4cd21b5f2b0e7c80.jpg,1,0,0,0,1,0,0,0,0,0,0,0,0,0
AmphiprionPercula-351-_jpg.rf.75e5cd84e8dcc15add1ddbfd4ac73d3f.jpg,1,0,0,0,1,0,0,0,0,0,0,0,0,0
AmphiprionPercula-366-_jpg.rf.6f26b9e2be77a1f59e4d3cfb75bc0d86.jpg,4,0,0,1,3,0,0,0,0,0,0,0,0,0
AmphiprionPercula-391-_jpg.rf.ed4f56e2f2cab0bcf06726890b79849e.jpg,1,0,0,0,1,0,0,0,0,0,0,0,0,0
AmphiprionPercula-467-_jpg.rf.7c3fe7748533f72e5ae76cf4860bad66.jpg,1,0,0,0,1,0,0,0,0,0,0,0,0,0
AmphiprionPercula-553-_jpg.rf.d93d48648c20807a1783f272c7f40427.jpg,1,0,0,0,1,0,0,0,0,0,0,0,0,0
Amphiprion_percula_jpeg_jpg.rf.a905a41dc435727a27f36b1ce0adb5bf.jpg,1,0,0,0,1,0,0,0,0,0,0,0,0,0
AngelFish_image_100_jpg.rf.230725c2c1461c888cf919b86b1629ed.jpg,1,1,0,0,0,0,0,0,0,0,0,0,0,0
AngelFish_image_102_jpg.rf.0ea01520ebac96b0e4bf439984c43e8d.jpg,1,1,0,0,0,0,0,0,0,0,0,0,0,0
AngelFish_image_105_jpg.rf.b0e8ca38fa0eb4634a0639ed7f53afb2.jpg,1,1,0,0,0,0,0,0,0,0,0,0,0,0
AngelFish_image_108_jpg.rf.8f23142f9562d1117d065988cc96d28a.jpg,1,1,0,0,0,0,0,0,0,0,0,0,0,0
AngelFish_image_118_jpg.rf.0822f9ab76c3c9fe3a3ea169af07c557.jpg,1,1,0,0,0,0,0,0,0,0,0,0,0,0
AngelFish_image_122_jpg.rf.0af357063d526cdc3702f32791b9d76d.jpg,1,1,0,0,0,0,0,0,0,0,0,0,0,0
AngelFish_image_123_jpg.rf.1df4a1d0562e2cc2c966e2624a9145a6.jpg,2,2,0,0,0,0,0,0,0,0,0,0,0,0
AngelFish_image_125_jpg.rf.b14e32df9e1ec42db8701793eaca489a.jpg,1,1,0,0,0,0,0,0,0,0,0,0,0,0
AngelFish_image_128_jpg.rf.8ca6fd04dd1b82de5d9fd49423c21ea4.jpg,1,1,0,0,0,0,0,0,0,0,0,0,0,0
AngelFish_image_129_jpg.rf.d755038cb80d2a9faee0e629d52e34c8.jpg,1,1,0,0,0,0,0,0,0,0,0,0,0,0
AngelFish_image_12_jpg.rf.2890871d4666df04bfd6dfcd6ca77ce7.jpg,1,1,0,0,0,0,0,0,0,0,0,0,0,0
AngelFish_image_135_jpg.rf.998ed6f26ddb1b05802f9c0467502cf9.jpg,1,1,0,0,0,0,0,0,0,0,0,0,0,0
AngelFish_image_138_jpg.rf.e5eef90df0890c9830413977876ab953.jpg,1,1,0,0,0,0,0,0,0,0,0,0,0,0
AngelFish_image_139_jpg.rf.d6539094e48ed69185462df8db337473.jpg,1,1,0,0,0,0,0,0,0,0,0,0,0,0
AngelFish_image_13_jpg.rf.ca64f0168ac171c893555712df9b2c37.jpg,2,2,0,0,0,0,0,0,0,0,0,0,0,0
AngelFish_image_141_jpg.rf.d6a6113e0917ea96ccfbb28bc0acb43c.jpg,1,1,0,0,0,0,0,0,0,0,0,0,0,0
AngelFish_image_142_jpg.rf.c01416a0a7b2827a9705a3d31d7c97c8.jpg,1,1,0,0,0,0,0,0,0,0,0,0,0,0
AngelFish_image_144_jpg.rf.140a0ccf29af2e5b2ea387e6a72c9da2.jpg,1,1,0,0,0,0,0,0,0,0,0,0,0,0
AngelFish_image_145_jpg.rf.41aab2a1cecfc5f0ea17630f9558837c.jpg,1,1,0,0,0,0,0,0,0,0,0,0,0,0
AngelFish_image_147_jpg.rf.8eb70fc7d98b312b367481dffcaa9126.jpg,1,1,0,0,0,0,0,0,0,0,0,0,0,0
AngelFish_image_148_jpg.rf.39a01676c354d112a0a796ed81b6efac.jpg,1,1,0,0,0,0,0,0,0,0,0,0,0,0
AngelFish_image_149_jpg.rf.77b43c6ccbfa6a5e5d02a3a24072da6d.jpg,1,1,0,0,0,0,0,0,0,0,0,0,0,0
AngelFish_image_151_jpg.rf.6d5ca0a07fa4950e3f9981d731bd1520.jpg,2,2,0,0,0,0,0,0,0,0,0,0,0,0
AngelFish_image_152_jpg.rf.d6b6db253e78679c57632949fc93a080.jpg,1,1,0,0,0,0,0,0,0,0,0,0,0,0
AngelFish_image_156_jpg.rf.2695fb41ab2a02ee1049729f1ea0676a.jpg,1,1,0,0,0,0,0,0,0,0,0,0,0,0
AngelFish_image_157_jpg.rf.601dbda2b0d020d4f47100897100b560.jpg,1,1,0,0,0,0,0,0,0,0,0,0,0,0
AngelFish_image_158_jpg.rf.4a2ec6a415792b05bc1c1a8c1212d102.jpg,1,1,0,0,0,0,0,0,0,0,0,0,0,0
AngelFish_image_15_jpg.rf.8947f1d1970bb79ab2a88865ea62633c.jpg,1,1,0,0,0,0,0,0,0,0,0,0,0,0
AngelFish_image_161_jpg.rf.a8b94e192d047cee6192dd831c817c86.jpg,1,1,0,0,0,0,0,0,0,0,0,0,0,0
AngelFish_image_164_jpg.rf.3e365ba7f289db0acc8dfddf41dc755c.jpg,1,1,0,0,0,0,0,0,0,0,0,0,0,0
AngelFish_image_167_jpg.rf.170a7f0f1e183ba415219549013701df.jpg,1,1,0,0,0,0,0,0,0,0,0,0,0,0
AngelFish_image_178_jpg.rf.ad5027b6b6e8d8d57354b4b2c60ccc77.jpg,3,3,0,0,0,0,0,0,0,0,0,0,0,0
AngelFish_image_179_jpg.rf.f3f2fa730bc0b03f54a9b3969d476a54.jpg,5,5,0,0,0,0,0,0,0,0,0,0,0,0
AngelFish_image_180_jpg.rf.902e7ec04f4e28123af1e21d284ad4b0.jpg,1,1,0,0,0,0,0,0,0,0,0,0,0,0
AngelFish_image_183_jpg.rf.ee49bd7b37626d2c4a8d01155cd47086.jpg,2,2,0,0,0,0,0,0,0,0,0,0,0,0
AngelFish_image_190_jpg.rf.72edfc4793cd354d73de87bf7d20f2e0.jpg,1,1,0,0,0,0,0,0,0,0,0,0,0,0
AngelFish_image_194_jpg.rf.96d142d05eb1f6b75e173ad0f18cf5d0.jpg,1,1,0,0,0,0,0,0,0,0,0,0,0,0
AngelFish_image_195_jpg.rf.e50553377f4fa5151783cb4304868b8a.jpg,1,1,0,0,0,0,0,0,0,0,0,0,0,0
AngelFish_image_19_jpg.rf.b2fb60c85974a119a3f4aa9689ae8253.jpg,2,2,0,0,0,0,0,0,0,0,0,0,0,0
AngelFish_image_1_jpg.rf.60a01379d530a9266d4b076a22cf51b0.jpg,1,1,0,0,0,0,0,0,0,0,0,0,0,0
AngelFish_image_206_jpg.rf.d3ea56b5031823409e6cf7f1bd1a90f1.jpg,1,1,0,0,0,0,0,0,0,0,0,0,0,0
AngelFish_image_209_jpg.rf.2a99d25dc828b77fd71f2d4b13d112b0.jpg,1,1,0,0,0,0,0,0,0,0,0,0,0,0
AngelFish_image_20_jpg.rf.3e1659eb1877655cc0de84024e82d068.jpg,1,1,0,0,0,0,0,0,0,0,0,0,0,0
AngelFish_image_214_jpg.rf.7bcaf31cdefa9e9570ad73636b5cbabe.jpg,1,1,0,0,0,0,0,0,0,0,0,0,0,0
AngelFish_image_215_jpg.rf.c9fe5d0353fef7a5582c0e37e29a156d.jpg,2,2,0,0,0,0,0,0,0,0,0,0,0,0
AngelFish_image_216_jpg.rf.dee80c558cd44e37e60db78af0bfef2b.jpg,1,1,0,0,0,0,0,0,0,0,0,0,0,0
AngelFish_image_217_jpg.rf.25c232f39829ec1d51551b4082ed9e4c.jpg,2,2,0,0,0,0,0,0,0,0,0,0,0,0
AngelFish_image_21_jpg.rf.52a9a1d57a490f25791e62e8d8b786fb.jpg,2,2,0,0,0,0,0,0,0,0,0,0,0,0
AngelFish_image_222_jpg.rf.6128cacbfd22d2f1afaa5d6fa609b170.jpg,1,1,0,0,0,0,0,0,0,0,0,0,0,0
AngelFish_image_223_jpg.rf.0794d3d9a6a380ec8b5a700cfcf91aee.jpg,1,1,0,0,0,0,0,0,0,0,0,0,0,0
AngelFish_image_230_jpg.rf.094381296e43cd7c093071738b717aaf.jpg,1,1,0,0,0,0,0,0,0,0,0,0,0,0
AngelFish_image_231_jpg.rf.9bc58a999f8eb0be18829997ee7ec6d0.jpg,1,1,0,0,0,0,0,0,0,0,0,0,0,0
AngelFish_image_233_jpg.rf.b43a63b5247f9b9ecb6dfd271780e490.jpg,1,1,0,0,0,0,0,0,0,0,0,0,0,0
AngelFish_image_239_jpg.rf.491e565303878f2fa5485900301b3eb5.jpg,1,1,0,0,0,0,0,0,0,0,0,0,0,0
AngelFish_image_241_jpg.rf.0043419e36c2b5444a7a2d7fec9d71ba.jpg,1,1,0,0,0,0,0,0,0,0,0,0,0,0
AngelFish_image_243_jpg.rf.9a42f090b9c2be6efc826adc21b914a2.jpg,1,1,0,0,0,0,0,0,0,0,0,0,0,0
AngelFish_image_245_jpg.rf.ac27105287296ef7a20f18c09b28e8cc.jpg,1,1,0,0,0,0,0,0,0,0,0,0,0,0
AngelFish_image_246_jpg.rf.0f11fa355536b96047b8783e01c2c9cd.jpg,1,1,0,0,0,0,0,0,0,0,0,0,0,0
AngelFish_image_248_jpg.rf.20e2da90b39f13e3827e81d94795fc86.jpg,1,1,0,0,0,0,0,0,0,0,0,0,0,0
AngelFish_image_24_jpg.rf.4d626de198ca2da0fd6c2f89288f0364.jpg,2,2,0,0,0,0,0,0,0,0,0,0,0,0
AngelFish_image_250_jpg.rf.66595748cafe9b72f742d829d39182e9.jpg,1,1,0,0,0,0,0,0,0,0,0,0,0,0
AngelFish_image_257_jpg.rf.d73509d76ee9ff4975e9c44260c4409c.jpg,3,2,0,1,0,0,0,0,0,0,0,0,0,0
AngelFish_image_260_jpg.rf.6f5b2efa92aa93a1f66dad8a8050ef69.jpg,1,1,0,0,0,0,0,0,0,0,0,0,0,0
AngelFish_image_264_jpg.rf.b3162c8b54fef25db2a88c7ae0d4817d.jpg,3,3,0,0,0,0,0,0,0,0,0,0,0,0
AngelFish_image_268_jpg.rf.e346c260175cbda6b4b0a15145f3fdbe.jpg,1,1,0,0,0,0,0,0,0,0,0,0,0,0
AngelFish_image_269_jpg.rf.80ecf375c454f47b278c83f6fdd18a30.jpg,1,1,0,0,0,0,0,0,0,0,0,0,0,0
AngelFish_image_270_jpg.rf.f2eea0b9b1ebd6c09d27f488cddeaebd.jpg,2,2,0,0,0,0,0,0,0,0,0,0,0,0
AngelFish_image_271_jpg.rf.27d52769a66d199941bfa7652eeecce5.jpg,2,1,0,0,0,0,0,0,0,0,0,1,0,0
AngelFish_image_272_jpg.rf.be77b19f32fb06736fca14f697b562c0.jpg,1,1,0,0,0,0,0,0,0,0,0,0,0,0
AngelFish_image_280_jpg.rf.9eab2b49edf7bf2aeae56e857f3eaf7e.jpg,2,2,0,0,0,0,0,0,0,0,0,0,0,0
AngelFish_image_281_jpg.rf.c6400c999d2dfdf8f2918249def05f90.jpg,2,2,0,0,0,0,0,0,0,0,0,0,0,0
AngelFish_image_285_jpg.rf.1b6cd5438288aed75d2d2371de7f56eb.jpg,1,1,0,0,0,0,0,0,0,0,0,0,0,0
AngelFish_image_286_jpg.rf.2af27185f4c2823a028d15b3faeb72a4.jpg,1,1,0,0,0,0,0,0,0,0,0,0,0,0
AngelFish_image_287_jpg.rf.b50297b2fad010dfa420c9cf301ba570.jpg,1,1,0,0,0,0,0,0,0,0,0,0,0,0
AngelFish_image_288_jpg.rf.36302cbb6bc63354d1f715b989559782.jpg,2,1,0,0,0,0,0,1,0,0,0,0,0,0
AngelFish_image_28_jpg.rf.57539ac04ef05a5c5281d2ce934a6afd.jpg,1,1,0,0,0,0,0,0,0,0,0,0,0,0
AngelFish_image_290_jpg.rf.b38b7cf1284aa9fd6c1349690587149e.jpg,2,2,0,0,0,0,0,0,0,0,0,0,0,0
AngelFish_image_293_jpg.rf.971910e0fd57a8dcb59ec8905bd1c6cf.jpg,3,3,0,0,0,0,0,0,0,0,0,0,0,0
AngelFish_image_296_jpg.rf.b2b78f47ff1e7c94f87df31dbd891c35.jpg,2,2,0,0,0,0,0,0,0,0,0,0,0,0
AngelFish_image_296_jpg.rf.f3f955b0a0b7b5437c61a122c1b357c6.jpg,2,2,0,0,0,0,0,0,0,0,0,0,0,0
AngelFish_image_298_jpg.rf.7448c0c47bc9bd116b5c13b8ee7f4a46.jpg,1,1,0,0,0,0,0,0,0,0,0,0,0,0
AngelFish_image_29_jpg.rf.585c8bdb9cf03e40a27f416db2c3067f.jpg,1,1,0,0,0,0,0,0,0,0,0,0,0,0
AngelFish_image_300_jpg.rf.61a39ca5a6d24c91e309d068ab3804ce.jpg,1,1,0,0,0,0,0,0,0,0,0,0,0,0
AngelFish_image_301_jpg.rf.d43f058f9652a69cd14b223216975ec6.jpg,3,3,0,0,0,0,0,0,0,0,0,0,0,0
AngelFish_image_302_jpg.rf.31f6431cf1675c7504b3ce22bf867437.jpg,2,2,0,0,0,0,0,0,0,0,0,0,0,0
AngelFish_image_303_jpg.rf.43818f0c9118d84f88ae677a7d9eb9a3.jpg,1,1,0,0,0,0,0,0,0,0,0,0,0,0
AngelFish_image_304_jpg.rf.72eaa2f478e2432b06cf9c08db2fb5b5.jpg,1,1,0,0,0,0,0,0,0,0,0,0,0,0
AngelFish_image_305_jpg.rf.c69babd02b887d14565df96e28e7aa78.jpg,1,1,0,0,0,0,0,0,0,0,0,0,0,0
AngelFish_image_306_jpg.rf.996eb9e44de17c53246b92cecef8ba49.jpg,1,1,0,0,0,0,0,0,0,0,0,0,0,0
AngelFish_image_307_jpg.rf.f0aef262a91c755d63c114691b59810a.jpg,5,5,0,0,0,0,0,0,0,0,0,0,0,0
AngelFish_image_309_jpg.rf.9ca74d3ed4c9a6d1a877c69363dc7be8.jpg,1,1,0,0,0,0,0,0,0,0,0,0,0,0
AngelFish_image_311_jpg.rf.5996ebb590e9e81a7cea23d24efc7c51.jpg,1,1,0,0,0,0,0,0,0,0,0,0,0,0
AngelFish_image_312_jpg.rf.f52889279f301a80cf663c7168217fa2.jpg,1,1,0,0,0,0,0,0,0,0,0,0,0,0
AngelFish_image_315_jpg.rf.108b1f4daae9045ef45eea8e7c16d498.jpg,1,1,0,0,0,0,0,0,0,0,0,0,0,0
AngelFish_image_316_jpg.rf.cbdde08bf46aecd9692d16a296f9d3b0.jpg,2,2,0,0,0,0,0,0,0,0,0,0,0,0
AngelFish_image_317_jpg.rf.62f25e2e461926fbc08092b5840dcc47.jpg,3,3,0,0,0,0,0,0,0,0,0,0,0,0
AngelFish_image_319_jpg.rf.cb94dd66f84f76ea942a3d9ba1693812.jpg,1,1,0,0,0,0,0,0,0,0,0,0,0,0
AngelFish_image_31_jpg.rf.414e4cf08c7e8c58dd328ac183f03a89.jpg,3,1,0,1,0,0,0,0,0,0,0,1,0,0
AngelFish_image_320_jpg.rf.83e7e32ae0e4000d2e13a2e8f4161dc2.jpg,1,1,0,0,0,0,0,0,0,0,0,0,0,0
AngelFish_image_321_jpg.rf.db2bb200d97988147f1c025fb070031c.jpg,3,3,0,0,0,0,0,0,0,0,0,0,0,0
AngelFish_image_325_jpg.rf.b7aee2d74d9dc0de585db2c2815b00ce.jpg,1,1,0,0,0,0,0,0,0,0,0,0,0,0
AngelFish_image_327_jpg.rf.ff4e8e7781e5f14095d8883d7d6ad6bc.jpg,1,1,0,0,0,0,0,0,0,0,0,0,0,0
AngelFish_image_328_jpg.rf.56d75cef692ebf8ac771abc9713e0d0f.jpg,1,1,0,0,0,0,0,0,0,0,0,0,0,0
AngelFish_image_329_jpg.rf.c253ffcb56e2479b0b501579b0e12525.jpg,1,1,0,0,0,0,0,0,0,0,0,0,0,0
AngelFish_image_330_jpg.rf.c8f395313729bdfe440b04cbadffda13.jpg,1,1,0,0,0,0,0,0,0,0,0,0,0,0
AngelFish_image_331_jpg.rf.484dba478a2892f7a05c8430c92d9036.jpg,1,1,0,0,0,0,0,0,0,0,0,0,0,0
AngelFish_image_333_jpg.rf.51386634f17981f9c256255ec86d16a0.jpg,1,1,0,0,0,0,0,0,0,0,0,0,0,0
AngelFish_image_334_jpg.rf.5f518584f58420c13cd44915748ae1a0.jpg,4,4,0,0,0,0,0,0,0,0,0,0,0,0
AngelFish_image_335_jpg.rf.ac3e1b7c0f88e9ff6137def7ebffac46.jpg,1,1,0,0,0,0,0,0,0,0,0,0,0,0
AngelFish_image_336_jpg.rf.f9b5018020bd392b0b406351e90f35e5.jpg,1,1,0,0,0,0,0,0,0,0,0,0,0,0
AngelFish_image_339_jpg.rf.9d58ca75d756c2ae59d5ee6d08b3b17a.jpg,1,1,0,0,0,0,0,0,0,0,0,0,0,0
AngelFish_image_33_jpg.rf.29d1834e9fd2394c3a1a6d0689721e9c.jpg,1,1,0,0,0,0,0,0,0,0,0,0,0,0
AngelFish_image_340_jpg.rf.fad7248b92b39dffe62ff76ba44549a0.jpg,1,1,0,0,0,0,0,0,0,0,0,0,0,0
AngelFish_image_343_jpg.rf.0e64e9e695963a82c975bfd7cfab6a12.jpg,1,1,0,0,0,0,0,0,0,0,0,0,0,0
AngelFish_image_344_jpg.rf.db1dd7e0e7aca708971c25cfaa0e1a61.jpg,1,1,0,0,0,0,0,0,0,0,0,0,0,0
AngelFish_image_348_jpg.rf.c33e062263b548969dc1012c983d7bd3.jpg,1,1,0,0,0,0,0,0,0,0,0,0,0,0
AngelFish_image_351_jpg.rf.3b43c045b40c652b4321b0705ff9b8f2.jpg,1,1,0,0,0,0,0,0,0,0,0,0,0,0
AngelFish_image_352_jpg.rf.a57062020dd3e1aaf43a1bc5b1ff4fd0.jpg,1,1,0,0,0,0,0,0,0,0,0,0,0,0
AngelFish_image_359_jpg.rf.d12b116aa8c3ef3401e8a75b46b40812.jpg,1,1,0,0,0,0,0,0,0,0,0,0,0,0
AngelFish_image_35_jpg.rf.308dc3030499e5168952d2f8d7b5aaef.jpg,1,1,0,0,0,0,0,0,0,0,0,0,0,0
AngelFish_image_36_jpg.rf.a56c7de5879799a19b55e29468721ef4.jpg,1,1,0,0,0,0,0,0,0,0,0,0,0,0
AngelFish_image_370_jpg.rf.41b18d1182345d134db446dca8349223.jpg,1,1,0,0,0,0,0,0,0,0,0,0,0,0
AngelFish_image_370_jpg.rf.817291e7ad0bcee6e699d980480bfec5.jpg,1,1,0,0,0,0,0,0,0,0,0,0,0,0
AngelFish_image_371_jpg.rf.de810babffdb94f0e15904bb32a10c51.jpg,2,2,0,0,0,0,0,0,0,0,0,0,0,0
AngelFish_image_372_jpg.rf.cee9032334b5cb6a744f45eec8f00cc5.jpg,1,1,0,0,0,0,0,0,0,0,0,0,0,0
AngelFish_image_372_jpg.rf.f73352baac920258ffa3e5b96b74b215.jpg,1,1,0,0,0,0,0,0,0,0,0,0,0,0
AngelFish_image_382_jpg.rf.0d0ffd6077622ed899a852a3b6e76543.jpg,1,1,0,0,0,0,0,0,0,0,0,0,0,0
AngelFish_image_383_jpg.rf.d8d9adfe00317581c2aaa5607c2fe1b9.jpg,3,2,0,0,0,0,0,1,0,0,0,0,0,0
AngelFish_image_385_jpg.rf.0f5dff59f96c148f9eca435fc57ac24f.jpg,2,2,0,0,0,0,0,0,0,0,0,0,0,0
AngelFish_image_386_jpg.rf.71e1db680d0132ea36a28f5c79ec93f6.jpg,1,1,0,0,0,0,0,0,0,0,0,0,0,0
AngelFish_image_387_jpg.rf.364c8e135d178e012007aa32454e2354.jpg,1,1,0,0,0,0,0,0,0,0,0,0,0,0
AngelFish_image_388_jpg.rf.4ca125a85d8e9c527209a36b610dfc58.jpg,2,2,0,0,0,0,0,0,0,0,0,0,0,0
AngelFish_image_389_jpg.rf.85ec38b9940815881f1c7fac3f2040e1.jpg,2,2,0,0,0,0,0,0,0,0,0,0,0,0
AngelFish_image_38_jpg.rf.cd47431afb57f5c2794e25e5083ce420.jpg,1,1,0,0,0,0,0,0,0,0,0,0,0,0
AngelFish_image_390_jpg.rf.792934ad01205048c8978a26f0056285.jpg,3,3,0,0,0,0,0,0,0,0,0,0,0,0
AngelFish_image_391_jpg.rf.2443cff7e2a4656f7d4c82c7247af7f2.jpg,1,1,0,0,0,0,0,0,0,0,0,0,0,0
AngelFish_image_392_jpg.rf.b54152f3dd184a7154b1d2975904c699.jpg,1,1,0,0,0,0,0,0,0,0,0,0,0,0
AngelFish_image_393_jpg.rf.8b00e2fd435d73595d364138e4019c72.jpg,1,1,0,0,0,0,0,0,0,0,0,0,0,0
AngelFish_image_397_jpg.rf.c65085be31f230e326e79b822324ab17.jpg,1,1,0,0,0,0,0,0,0,0,0,0,0,0
AngelFish_image_40_jpg.rf.a69d807ccc1d584bca270a836d1c81e6.jpg,3,3,0,0,0,0,0,0,0,0,0,0,0,0
AngelFish_image_41_jpg.rf.b5d65a6d70e7e926c3b3ab3965569874.jpg,1,1,0,0,0,0,0,0,0,0,0,0,0,0
AngelFish_image_42_jpg.rf.68c2a77989e5775e18aa5c25e2d19e46.jpg,1,1,0,0,0,0,0,0,0,0,0,0,0,0
AngelFish_image_46_jpg.rf.6c91e8ce5c0570427616480a9b9eb5ff.jpg,2,2,0,0,0,0,0,0,0,0,0,0,0,0
AngelFish_image_47_jpg.rf.83b77241689b6c7efef5bc937151e7d9.jpg,2,2,0,0,0,0,0,0,0,0,0,0,0,0
AngelFish_image_49_jpg.rf.05a8f8fa0e10da7f1226348d19b0fefd.jpg,1,1,0,0,0,0,0,0,0,0,0,0,0,0
AngelFish_image_51_jpg.rf.61b2ed56b1217f6b19008b41c14bdc4f.jpg,1,1,0,0,0,0,0,0,0,0,0,0,0,0
AngelFish_image_53_jpg.rf.9aacf57eaa1644c991dbe65a1bfbde86.jpg,1,1,0,0,0,0,0,0,0,0,0,0,0,0
AngelFish_image_55_jpg.rf.3f99b3e1d51f6c5551248fa027751c85.jpg,5,5,0,0,0,0,0,0,0,0,0,0,0,0
AngelFish_image_56_jpg.rf.df8c5083ed06b3d800c3f7b5548fb06c.jpg,1,1,0,0,0,0,0,0,0,0,0,0,0,0
AngelFish_image_57_jpg.rf.eddfb07436b191a0153a88c9b7b5d8cd.jpg,2,2,0,0,0,0,0,0,0,0,0,0,0,0
AngelFish_image_58_jpg.rf.07e433fe4d0d23303cb1eb99587cc474.jpg,2,2,0,0,0,0,0,0,0,0,0,0,0,0
AngelFish_image_59_jpg.rf.effc74fac37d6e6a90063c02d72489ce.jpg,1,1,0,0,0,0,0,0,0,0,0,0,0,0
AngelFish_image_60_jpg.rf.bbe533a28c65cbec89048c4e021e4207.jpg,1,1,0,0,0,0,0,0,0,0,0,0,0,0
AngelFish_image_61_jpg.rf.6f009e0caff13f660369eba638b33b5f.jpg,1,1,0,0,0,0,0,0,0,0,0,0,0,0
AngelFish_image_62_jpg.rf.ab136b34004943f4619e3418d5009888.jpg,1,1,0,0,0,0,0,0,0,0,0,0,0,0
AngelFish_image_63_jpg.rf.6a56621a3c79bb3aecebe162b61f213c.jpg,1,1,0,0,0,0,0,0,0,0,0,0,0,0
AngelFish_image_64_jpg.rf.c6adb790cbc7847c0920e9957d461706.jpg,1,1,0,0,0,0,0,0,0,0,0,0,0,0
AngelFish_image_66_jpg.rf.6a5b81db8a0367532005c5a4e5b49f52.jpg,1,1,0,0,0,0,0,0,0,0,0,0,0,0
AngelFish_image_67_jpg.rf.85054bb6b28973891c85e833837c33ac.jpg,1,1,0,0,0,0,0,0,0,0,0,0,0,0
AngelFish_image_68_jpg.rf.501a336450988efcf13b092a09b0e529.jpg,1,1,0,0,0,0,0,0,0,0,0,0,0,0
AngelFish_image_69_jpg.rf.ff901a99033b9d1ccc76d41782221ce8.jpg,3,3,0,0,0,0,0,0,0,0,0,0,0,0
AngelFish_image_73_jpg.rf.6c76c98409c8561242d7b4c1a7a3a9f1.jpg,1,1,0,0,0,0,0,0,0,0,0,0,0,0
AngelFish_image_79_jpg.rf.af95e9a7426357ff81486fb86bca0198.jpg,1,1,0,0,0,0,0,0,0,0,0,0,0,0
AngelFish_image_84_jpg.rf.2ac83542c67f0d7ebeb7645cf64a595a.jpg,1,1,0,0,0,0,0,0,0,0,0,0,0,0
AngelFish_image_90_jpg.rf.d4517f0e5833284abfded069271488be.jpg,1,1,0,0,0,0,0,0,0,0,0,0,0,0
AngelFish_image_93_jpg.rf.3e7bcc1802370b3fa125551ebf298f32.jpg,1,1,0,0,0,0,0,0,0,0,0,0,0,0
AngelFish_image_95_jpg.rf.9c1811d069b37710e19cfc45b1ffecdc.jpg,1,1,0,0,0,0,0,0,0,0,0,0,0,0
AngelFish_image_96_jpg.rf.226d5dbbda3687e73b58c3813e659d9c.jpg,2,2,0,0,0,0,0,0,0,0,0,0,0,0
AngelFish_image_99_jpg.rf.7e9a611d24e70f8acd2cc436dad77b75.jpg,1,1,0,0,0,0,0,0,0,0,0,0,0,0
ButterflyFish_image_202_jpg.rf.52c70b5ae55a45619f942e441fa61c6e.jpg,2,0,0,0,2,0,0,0,0,0,0,0,0,0
ClownFish_image_100_jpg.rf.4ddbdd93b979428d1fb65a810957343b.jpg,1,0,0,0,1,0,0,0,0,0,0,0,0,0
ClownFish_image_101_jpg.rf.26ea85bd84bc21f2386b39f9f80f189d.jpg,1,0,0,0,1,0,0,0,0,0,0,0,0,0
ClownFish_image_102_jpg.rf.b397197b97d764b9ea91334d1d88c18a.jpg,1,0,0,0,1,0,0,0,0,0,0,0,0,0
ClownFish_image_103_jpg.rf.7aea91b86b6ded7589439013052d4df0.jpg,2,0,0,0,2,0,0,0,0,0,0,0,0,0
ClownFish_image_104_jpg.rf.f5229852d725d7e1ac5a29ba48af8e50.jpg,1,0,0,0,1,0,0,0,0,0,0,0,0,0
ClownFish_image_106_jpg.rf.3d6f6d0a41d56a3a408f7f25191ac695.jpg,1,0,0,0,1,0,0,0,0,0,0,0,0,0
ClownFish_image_108_jpg.rf.5f5d225ff1a23a36e36c0aa406f88ceb.jpg,2,0,0,0,2,0,0,0,0,0,0,0,0,0
ClownFish_image_109_jpg.rf.95f4122ec2d24a3ced2ed26af2bb3158.jpg,1,0,0,0,1,0,0,0,0,0,0,0,0,0
ClownFish_image_110_jpg.rf.a29c9dc8f780594f5469a789b2634719.jpg,1,0,0,0,1,0,0,0,0,0,0,0,0,0
ClownFish_image_111_jpg.rf.fe300a304b9f3d55e8122d1edbac39cb.jpg,2,0,0,0,2,0,0,0,0,0,0,0,0,0
ClownFish_image_112_jpg.rf.cd4159470a72b50e1f66c781b9b317f0.jpg,2,0,0,0,2,0,0,0,0,0,0,0,0,0
ClownFish_image_113_jpg.rf.356ff0dfa1ab14a0f014037a3a08dce0.jpg,1,0,0,0,1,0,0,0,0,0,0,0,0,0
ClownFish_image_114_jpg.rf.8b2497da78c6c8144d89fb2979b2bdb2.jpg,1,0,0,0,1,0,0,0,0,0,0,0,0,0
ClownFish_image_116_jpg.rf.ea57004e7fff2cd62027f1cf72a0f498.jpg,1,0,0,0,1,0,0,0,0,0,0,0,0,0
ClownFish_image_120_jpg.rf.e8d0f6e1d952ba35933c8491d3a713f2.jpg,2,0,0,0,2,0,0,0,0,0,0,0,0,0
ClownFish_image_123_jpg.rf.f6c9311ea309815f78edaa42b178edab.jpg,1,0,0,0,1,0,0,0,0,0,0,0,0,0
ClownFish_image_126_jpg.rf.fe544a3714889a32bc755d88bb2b347b.jpg,2,0,0,0,2,0,0,0,0,0,0,0,0,0
ClownFish_image_131_jpg.rf.9016e6f74b6ac14a9e4f9d933b735f42.jpg,1,0,0,0,1,0,0,0,0,0,0,0,0,0
ClownFish_image_132_jpg.rf.006a26b4c3ffbb94db0e966866964dea.jpg,2,0,0,0,2,0,0,0,0,0,0,0,0,0
ClownFish_image_134_jpg.rf.078b8da9c62fbe67b3e0bca974356275.jpg,1,0,0,0,1,0,0,0,0,0,0,0,0,0
ClownFish_image_135_jpg.rf.7442765fd00f91df37e66098f5065bd5.jpg,1,0,0,0,1,0,0,0,0,0,0,0,0,0
ClownFish_image_136_jpg.rf.41640f15daf9037d7efb3c591fc583e0.jpg,1,0,0,0,1,0,0,0,0,0,0,0,0,0
ClownFish_image_137_jpg.rf.e3a95d0dbc84d84f74a465df09baf3c3.jpg,1,0,0,0,1,0,0,0,0,0,0,0,0,0
ClownFish_image_13_jpg.rf.6c530f0a3b1b4ee9d21552988f0dcf8f.jpg,1,0,0,0,1,0,0,0,0,0,0,0,0,0
ClownFish_image_14_jpg.rf.d241b23b0003683c6b3024be645044f1.jpg,1,0,0,0,1,0,0,0,0,0,0,0,0,0
ClownFish_image_150_jpg.rf.b01780f5cb32bf55e1a41cecc81770cc.jpg,1,0,0,0,1,0,0,0,0,0,0,0,0,0
ClownFish_image_151_jpg.rf.2a0edae543e41e45e9ef791d897e2ba9.jpg,1,0,0,0,1,0,0,0,0,0,0,0,0,0
ClownFish_image_155_jpg.rf.67c433eaf8b41da1b413553dad3177b3.jpg,2,0,0,0,2,0,0,0,0,0,0,0,0,0
ClownFish_image_159_jpg.rf.fa788c6d43bc74650ed57972ce07859a.jpg,2,0,0,0,2,0,0,0,0,0,0,0,0,0
ClownFish_image_160_jpg.rf.4bc8f2da6fffe0047534167187497bc7.jpg,2,0,0,0,2,0,0,0,0,0,0,0,0,0
ClownFish_image_162_jpg.rf.e27ca0a038ca5a5f614e859053a8666f.jpg,1,0,0,0,1,0,0,0,0,0,0,0,0,0
ClownFish_image_163_jpg.rf.fe43a1bd6b3d56679e4f472644c7d9c7.jpg,1,0,0,0,1,0,0,0,0,0,0,0,0,0
ClownFish_image_164_jpg.rf.a317c8047d8237659108094aba2dbe28.jpg,1,0,0,0,1,0,0,0,0,0,0,0,0,0
ClownFish_image_167_jpg.rf.56c675dd88e1b3359b05be2c341e730f.jpg,1,0,0,0,1,0,0,0,0,0,0,0,0,0
ClownFish_image_169_jpg.rf.e0ba3d471fb439e7b9994632c95cea0e.jpg,2,0,0,0,2,0,0,0,0,0,0,0,0,0
ClownFish_image_16_jpg.rf.91c3882da1eeb4490a477042216d71b1.jpg,4,0,0,0,4,0,0,0,0,0,0,0,0,0
ClownFish_image_170_jpg.rf.cc4e564e4b0e318926299224a2d2c95b.jpg,1,0,0,0,1,0,0,0,0,0,0,0,0,0
ClownFish_image_174_jpg.rf.9aeffb920ffdfd572e45e05b3f09f6a5.jpg,1,0,0,0,1,0,0,0,0,0,0,0,0,0
ClownFish_image_179_jpg.rf.f355b6252fb850655901fb7feff0ea54.jpg,1,0,0,0,1,0,0,0,0,0,0,0,0,0
ClownFish_image_17_jpg.rf.30526e374dfff969c7190dbf40ceb23b.jpg,2,0,0,0,2,0,0,0,0,0,0,0,0,0
ClownFish_image_180_jpg.rf.cc3a271ec71c1a30c3e870cdf17d25fa.jpg,2,0,0,0,2,0,0,0,0,0,0,0,0,0
ClownFish_image_182_jpg.rf.d3367121e57734d042e71db479690f79.jpg,1,0,0,0,1,0,0,0,0,0,0,0,0,0
ClownFish_image_185_jpg.rf.eb27b794f6358bd5dba0b12f30c8dca7.jpg,1,0,0,0,1,0,0,0,0,0,0,0,0,0
ClownFish_image_189_jpg.rf.e18c0b1b74bcaeb1c946a09775fa67ec.jpg,1,0,0,0,1,0,0,0,0,0,0,0,0,0
ClownFish_image_18_jpg.rf.7b360093140ca003fa6b151595376b4d.jpg,1,0,0,0,1,0,0,0,0,0,0,0,0,0
ClownFish_image_190_jpg.rf.7eebd63754c6db7d226d82941a0e9c26.jpg,1,0,0,0,1,0,0,0,0,0,0,0,0,0
ClownFish_image_191_jpg.rf.6a04e5fb2665156f285a4b84e7327713.jpg,1,0,0,0,1,0,0,0,0,0,0,0,0,0
ClownFish_image_192_jpg.rf.1d575d04cdb12c49610ea09b82f0b017.jpg,1,0,0,0,1,0,0,0,0,0,0,0,0,0
ClownFish_image_194_jpg.rf.f4f949add5b69ef1c3ead57a133e0a42.jpg,1,0,0,0,1,0,0,0,0,0,0,0,0,0
ClownFish_image_196_jpg.rf.03b722d3c19921bff00566e9639a83da.jpg,1,0,0,0,1,0,0,0,0,0,0,0,0,0
ClownFish_image_19_jpg.rf.6dab6b4433d4f7719ab02d5857819226.jpg,1,0,0,0,1,0,0,0,0,0,0,0,0,0
ClownFish_image_200_jpg.rf.9f1e73d9dee3df74fd1c6f003983c38f.jpg,1,0,0,0,1,0,0,0,0,0,0,0,0,0
ClownFish_image_201_jpg.rf.968a763eaaededef905ec75e8ff788f7.jpg,1,0,0,0,1,0,0,0,0,0,0,0,0,0
ClownFish_image_202_jpg.rf.f96c511d7df5cd0f37b32aefc363321a.jpg,5,0,0,0,5,0,0,0,0,0,0,0,0,0
ClownFish_image_203_jpg.rf.3a659dec576a5025441fe1afce33ad79.jpg,1,0,0,0,1,0,0,0,0,0,0,0,0,0
ClownFish_image_223_jpg.rf.c6a4b0e359eb30dc953554a60f77ed20.jpg,3,0,0,0,3,0,0,0,0,0,0,0,0,0
ClownFish_image_227_jpg.rf.5b669bf3545237a4932e475850ca9dd2.jpg,1,0,0,0,1,0,0,0,0,0,0,0,0,0
ClownFish_image_238_jpg.rf.07204713bee05909382f7e143f632236.jpg,2,0,0,0,2,0,0,0,0,0,0,0,0,0
ClownFish_image_242_jpg.rf.29d341e44358497c129b17726be363df.jpg,3,0,0,0,3,0,0,0,0,0,0,0,0,0
ClownFish_image_243_jpg.rf.6b6b4c6a4e848c5e6489540195a1a352.jpg,2,0,0,0,2,0,0,0,0,0,0,0,0,0
ClownFish_image_252_jpg.rf.77f104a282c6211e57fd0c160dd022a9.jpg,1,0,0,0,1,0,0,0,0,0,0,0,0,0
ClownFish_image_254_jpg.rf.24390cb4133ac5e507d720e586805180.jpg,2,0,0,0,2,0,0,0,0,0,0,0,0,0
ClownFish_image_262_jpg.rf.778fe7e67b28561c70f92219d862f5f6.jpg,1,0,0,0,1,0,0,0,0,0,0,0,0,0
ClownFish_image_263_jpg.rf.ba47b71d8c9aea677311282332f5b8db.jpg,2,0,0,0,2,0,0,0,0,0,0,0,0,0
ClownFish_image_268_jpg.rf.996acc4b6332d013369be3c66405b74d.jpg,2,0,0,0,2,0,0,0,0,0,0,0,0,0
ClownFish_image_269_jpg.rf.2739e72098340902d9dfdf9ccd349a4a.jpg,1,0,0,0,1,0,0,0,0,0,0,0,0,0
ClownFish_image_270_jpg.rf.8dee7065dad8aa745f965c7939b24b89.jpg,1,0,0,0,1,0,0,0,0,0,0,0,0,0
ClownFish_image_272_jpg.rf.35e7c3c81d647a013ac320a134909060.jpg,1,0,0,0,1,0,0,0,0,0,0,0,0,0
ClownFish_image_27_jpg.rf.ad74a3f80edbda628210a1e89a78cdbc.jpg,2,0,0,0,2,0,0,0,0,0,0,0,0,0
ClownFish_image_281_jpg.rf.11b1f48966f457d46c6118b30d66d31d.jpg,2,0,0,0,2,0,0,0,0,0,0,0,0,0
ClownFish_image_286_jpg.rf.c5f883a7285e307ce453182255e4003a.jpg,1,0,0,0,1,0,0,0,0,0,0,0,0,0
ClownFish_image_287_jpg.rf.634c5ac3de314adb4f866538e2b7101e.jpg,2,0,0,0,2,0,0,0,0,0,0,0,0,0
ClownFish_image_289_jpg.rf.2fbec3a2320c4f47e6d6475469229c6d.jpg,1,0,0,0,1,0,0,0,0,0,0,0,0,0
ClownFish_image_28_jpg.rf.bdef0e254bab518a4a180bbf0521b76a.jpg,1,0,0,0,1,0,0,0,0,0,0,0,0,0
ClownFish_image_325_jpg.rf.db55df1150278ad1d558a816b8b7a05c.jpg,1,0,0,0,1,0,0,0,0,0,0,0,0,0
ClownFish_image_58_jpg.rf.3df0db87aaebed2a82081ae697e3495c.jpg,3,0,0,0,3,0,0,0,0,0,0,0,0,0
ClownFish_image_65_jpg.rf.bfe84b7c5156fc9073aa0e112134ed55.jpg,3,0,0,0,3,0,0,0,0,0,0,0,0,0
Dwarf-Gourami_original_110-png_83337141-e155-4582-aee1-27ab8571e1d7_png_jpg.rf.05e191a1f551477219a89cba6138b337.jpg,1,0,0,0,0,0,1,0,0,0,0,0,0,0
Dwarf-Gourami_original_111-png_c9177905-6afd-4ba1-8879-9ac6df252042_png_jpg.rf.58f91fdf6f45c35c99fb19ad72146d1a.jpg,1,0,0,0,0,0,1,0,0,0,0,0,0,0
Dwarf-Gourami_original_114-png_885d85ef-c5c6-47e0-ae49-7135de57fb5d_png_jpg.rf.2ceaa8c1be7fbb19b1d84c056d073b29.jpg,1,0,0,0,0,0,1,0,0,0,0,0,0,0
Dwarf-Gourami_original_115-png_61aaab93-690b-44ed-9ff2-6c15edf6fa8e_png_jpg.rf.7c0acd8c6f0c83b4962c9b213806802e.jpg,1,0,0,0,0,0,1,0,0,0,0,0,0,0
Dwarf-Gourami_original_116-png_d4ea8257-dc75-424c-9329-67c1128c43a7_png_jpg.rf.589ff30f5be632055a0be2fffb2b3159.jpg,1,0,0,0,0,0,1,0,0,0,0,0,0,0
Dwarf-Gourami_original_125-png_84fd3562-3fa9-4318-a380-a6472226f256_png_jpg.rf.aef8930ffb9dfe7e7a89b8774993f0cb.jpg,1,0,0,0,0,0,1,0,0,0,0,0,0,0
Dwarf-Gourami_original_130-png_ddf086a2-7121-4297-ad29-6367ff5df5f7_png_jpg.rf.36b700593d81ddc89fee3d3e0c12f8d9.jpg,1,0,0,0,0,0,1,0,0,0,0,0,0,0
Dwarf-Gourami_original_132-png_2098a31b-b3c9-4d7b-a9f2-66681749cde3_png_jpg.rf.409fe46fe5f661ec4f29dbd264eeeb1b.jpg,1,0,0,0,0,0,1,0,0,0,0,0,0,0
Dwarf-Gourami_original_134-png_52e8a097-e92d-46e0-b96a-5079420d0b7c_png_jpg.rf.002baead7a60e7a96ae97179aab73dbf.jpg,1,0,0,0,0,0,1,0,0,0,0,0,0,0
Dwarf-Gourami_original_134-png_52e8a097-e92d-46e0-b96a-5079420d0b7c_png_jpg.rf.49cf3ba86509bd98a9d78e8b20828361.jpg,1,0,0,0,0,0,1,0,0,0,0,0,0,0
Dwarf-Gourami_original_136-png_fbff0dd2-a16b-433c-85a5-8a837addbe0a_png_jpg.rf.d8a4a1f0f10db1599bc3f9aaea69e14c.jpg,2,0,0,0,0,0,2,0,0,0,0,0,0,0
Dwarf-Gourami_original_136-png_fbff0dd2-a16b-433c-85a5-8a837addbe0a_png_jpg.rf.f062a47c5ce6ec464597d0160ccb8c6e.jpg,2,0,0,0,0,0,2,0,0,0,0,0,0,0
Dwarf-Gourami_original_139-png_b32fe79e-4ea1-4387-a794-78e37f7547ee_png_jpg.rf.da1b831bc10b7bf2daee930a4d13beeb.jpg,1,0,0,0,0,0,1,0,0,0,0,0,0,0
Dwarf-Gourami_original_140-png_2897a6fe-2234-4a84-9f7f-ce734e7851ed_png_jpg.rf.fd9855107f44238b8e845dbc99b7ccaa.jpg,2,0,0,0,0,0,2,0,0,0,0,0,0,0
Dwarf-Gourami_original_145-png_94e5c14a-22f4-4571-b45e-c955d69220e4_png_jpg.rf.2bb85fdd5937502a254b5becaef3fe0a.jpg,1,0,0,0,0,0,1,0,0,0,0,0,0,0
Dwarf-Gourami_original_160-png_64142878-7e23-40a1-8adc-5aa6f9a360f5_png_jpg.rf.ae9f79205837177699a3044756d5a575.jpg,1,0,0,0,0,0,1,0,0,0,0,0,0,0
Dwarf-Gourami_original_17-png_fb665b64-ac77-414d-9cd1-c72c0ab58710_png_jpg.rf.b1ec98ea81d6ec5720f8732bae5a592b.jpg,1,0,0,0,0,0,1,0,0,0,0,0,0,0
Dwarf-Gourami_original_172-png_664c01bc-af06-4563-ace6-3c3f3116e77a_png_jpg.rf.3c88ffa5ac3aad5c4d61feed061b8d77.jpg,1,0,0,0,0,0,1,0,0,0,0,0,0,0
Dwarf-Gourami_original_180-png_3ba1664c-f775-4f3c-93dc-80ba24cfadf7_png_jpg.rf.be49c838304d049c8036282f241ec7ad.jpg,1,0,0,0,0,0,1,0,0,0,0,0,0,0
Dwarf-Gourami_original_180-png_e51ffc47-9395-418b-93e1-2c7b22a485fd_png_jpg.rf.3d202277c0595804c47c6f9920112c8b.jpg,1,0,0,0,0,0,1,0,0,0,0,0,0,0
Dwarf-Gourami_original_184-png_096a7516-d167-4bfa-bff3-efebb348ec39_png_jpg.rf.ff231d659e5e07ad1f142fd4ac8fe28c.jpg,1,0,0,0,0,0,1,0,0,0,0,0,0,0
Dwarf-Gourami_original_189-png_7ffcbb05-3bff-429b-9393-8264f1922a5d_png_jpg.rf.1ec09b5c1073af1f6f44df5e23d84366.jpg,1,0,0,0,0,0,1,0,0,0,0,0,0,0
Dwarf-Gourami_original_189-png_e7abb3b0-abc9-4db5-ad01-49e6add53d3f_png_jpg.rf.9b0f77a26ab4507f79585711999fa575.jpg,1,0,0,0,0,0,1,0,0,0,0,0,0,0
Dwarf-Gourami_original_19-png_adf57324-46f8-4098-83d8-cc60e141dc02_png_jpg.rf.46d201532dbaccec771ec701fb373c05.jpg,1,0,0,0,0,0,1,0,0,0,0,0,0,0
Dwarf-Gourami_original_211-png_12c34969-6b59-4ab9-b5e7-64ac3fca050a_png_jpg.rf.7bfad2121b0b8e25f80643c942d09459.jpg,1,0,0,0,0,0,1,0,0,0,0,0,0,0
Dwarf-Gourami_original_211-png_12c34969-6b59-4ab9-b5e7-64ac3fca050a_png_jpg.rf.bd66b12ee0bafee2927710abf53d3afc.jpg,1,0,0,0,0,0,1,0,0,0,0,0,0,0
Dwarf-Gourami_original_211-png_ba58ffff-92b3-4ceb-8da8-e8980badc478_png_jpg.rf.3c15b5a4113063dd87fda7689f7e1a69.jpg,1,0,0,0,0,0,1,0,0,0,0,0,0,0
Dwarf-Gourami_original_219-png_24092dd4-48a5-4dc8-a589-70a590a9c232_png_jpg.rf.b05453c43d9155b07d867197efefbca3.jpg,1,0,0,0,0,0,1,0,0,0,0,0,0,0
Dwarf-Gourami_original_22-png_bdceba3d-ee25-4d24-9d8f-3ad3c91e3389_png_jpg.rf.648addf9965fa906294a3f778e2311b5.jpg,1,0,0,0,0,0,1,0,0,0,0,0,0,0
Dwarf-Gourami_original_227-png_8d8c0f7c-0f41-4f73-9041-798d609ccca6_png_jpg.rf.e32bca63f5117617b847ddf1744ae497.jpg,1,0,0,0,0,0,1,0,0,0,0,0,0,0
Dwarf-Gourami_original_243-png_6e8d831b-6bb8-4b42-9610-cad41a8625d4_png_jpg.rf.a88f3d852cc363c73b269c7e600a8b6a.jpg,4,0,0,0,0,0,4,0,0,0,0,0,0,0
Dwarf-Gourami_original_253-png_9810f967-7714-48b5-978f-4987a21011b8_png_jpg.rf.062595aa11b2a9d48ef8bed5cfe0faee.jpg,2,0,0,0,0,0,2,0,0,0,0,0,0,0
Dwarf-Gourami_original_271-png_dc58a313-a753-4b45-aff8-b116958248d6_png_jpg.rf.06c02a2985d0914e0d101319aa813e0c.jpg,1,0,0,0,0,0,1,0,0,0,0,0,0,0
Dwarf-Gourami_original_283-png_b3d1949b-a261-4b59-b0a1-bf3134d310ad_png_jpg.rf.48fc03b47173f7cf1e09d6429a41266b.jpg,1,0,0,0,0,0,1,0,0,0,0,0,0,0
Dwarf-Gourami_original_285-png_d8fd2e86-5f21-411e-9509-679c12ace6ce_png_jpg.rf.1aa21eba8051987ad2eaaed85c6aa7ef.jpg,1,0,0,0,0,0,1,0,0,0,0,0,0,0
Dwarf-Gourami_original_314-png_25f85245-f81d-4a5a-bf53-4d053fba066c_png_jpg.rf.ba72f87d545cd4a801f5f623f064864a.jpg,1,0,0,0,0,0,1,0,0,0,0,0,0,0
Dwarf-Gourami_original_334-png_04b906d9-0ff9-49fc-838d-aeee8d628211_png_jpg.rf.e35a831646b774dfa6b8e3d5856ac323.jpg,1,0,0,0,0,0,1,0,0,0,0,0,0,0
Dwarf-Gourami_original_334-png_9e64cd64-1e4f-4d64-95f1-2b311b7a9244_png_jpg.rf.c836e2c24d6fc02331d584461a45e230.jpg,1,0,0,0,0,0,1,0,0,0,0,0,0,0
Dwarf-Gourami_original_337-png_51dd138d-2624-4e2a-9493-fc797ccae343_png_jpg.rf.ebc494ade41d483c56b0cd502ee9c9a9.jpg,1,0,0,0,0,0,1,0,0,0,0,0,0,0
Dwarf-Gourami_original_357-png_f7e63bb7-d6fb-46ef-9f85-2924ca5cbfe9_png_jpg.rf.15a2a1c9d3902fdfc46284f2e989a180.jpg,1,0,0,0,0,0,1,0,0,0,0,0,0,0
Dwarf-Gourami_original_36-png_60256996-349d-45ce-9fe2-eb6caf165ecb_png_jpg.rf.37d05ba573af3b2fd5fac769592dc375.jpg,1,0,0,0,0,0,1,0,0,0,0,0,0,0
Dwarf-Gourami_original_364-png_dcd8c7ad-bccb-45b4-9b17-03b5a65884bf_png_jpg.rf.ef59a731e529a39bd2d2371d9e3d8b31.jpg,1,0,0,0,0,0,1,0,0,0,0,0,0,0
Dwarf-Gourami_original_369-png_b41ce77d-4e99-44c6-ae02-219411b45623_png_jpg.rf.9be16d0bb15ccce2fc3c2b58c826d6e5.jpg,1,0,0,0,0,0,1,0,0,0,0,0,0,0
Dwarf-Gourami_original_376-png_125c8899-7513-4527-9729-554f700b94ba_png_jpg.rf.9e49c9b93c50e07a1e0a753e3a27b5a4.jpg,1,0,0,0,0,0,1,0,0,0,0,0,0,0
Dwarf-Gourami_original_391-png_0d86afe0-4722-4dfd-b2d4-e2d023bf8280_png_jpg.rf.97530d1a674ddd9883a5032a58dacf01.jpg,1,0,0,0,0,0,1,0,0,0,0,0,0,0
Dwarf-Gourami_original_391-png_0d86afe0-4722-4dfd-b2d4-e2d023bf8280_png_jpg.rf.cb1e9986af047d44f61bdfd19a8ae4db.jpg,1,0,0,0,0,0,1,0,0,0,0,0,0,0
Dwarf-Gourami_original_392-png_aac0d21e-89b8-4262-983e-0bbe4d022a35_png_jpg.rf.469de3af3443bb1bab15a7fdcd70a4ea.jpg,1,0,0,0,0,0,1,0,0,0,0,0,0,0
Dwarf-Gourami_original_399-png_4b3f59a9-be0c-4bb2-a8e2-896d432977fe_png_jpg.rf.843cb4a8651377664149362cac6c0647.jpg,1,0,0,0,0,0,1,0,0,0,0,0,0,0
Dwarf-Gourami_original_402-png_ed90a58e-a95d-4b6c-87bc-7b3bcd6f6b10_png_jpg.rf.e2f5e04bf2741cf1e3c34f59dd7c9575.jpg,1,0,0,0,0,0,1,0,0,0,0,0,0,0
Dwarf-Gourami_original_404-png_c0f475e0-1eb8-487d-9f9e-834be43a7766_png_jpg.rf.76042a1a76770af93f83daa9e74eec99.jpg,1,0,0,0,0,0,1,0,0,0,0,0,0,0
Dwarf-Gourami_original_408-png_23cb953b-2068-43dd-bc3a-9435d79af762_png_jpg.rf.8424e94d65b59019d6f9c0fd6ce815e2.jpg,1,0,0,0,0,0,1,0,0,0,0,0,0,0
Dwarf-Gourami_original_422-png_59d60fec-b96d-4f09-8eff-7ce250791b5c_png_jpg.rf.27b3b450c82e6e9148b8824cb888b75b.jpg,1,0,0,0,0,0,1,0,0,0,0,0,0,0
Dwarf-Gourami_original_44-png_563d494f-188b-4718-b7cc-f8f9a10e33a5_png_jpg.rf.585467e3f01389b4c2407675378f006b.jpg,1,0,0,0,0,0,1,0,0,0,0,0,0,0
Dwarf-Gourami_original_440-png_3c9dab40-5b70-4bd4-98dd-6d565c761300_png_jpg.rf.a821e649ee44fe75bee564aa00fe085a.jpg,1,0,0,0,0,0,1,0,0,0,0,0,0,0
Dwarf-Gourami_original_443-png_a2279ba9-dd3f-4a76-a244-da25b479b6db_png_jpg.rf.f98e8dea8ef4ab8ff16d679b3c21a851.jpg,1,0,0,0,0,0,1,0,0,0,0,0,0,0
Dwarf-Gourami_original_443-png_faf37cfc-58a9-4ea8-b44a-8e97c02e851c_png_jpg.rf.94dd129db7dc2f7aca392a965fe7c29a.jpg,1,0,0,0,0,0,1,0,0,0,0,0,0,0
Dwarf-Gourami_original_45-png_7a58d95f-9358-4377-bac5-98bfb8e67475_png_jpg.rf.b3368fa26d0ae4fca4d257c25febc1be.jpg,1,0,0,0,0,0,1,0,0,0,0,0,0,0
Dwarf-Gourami_original_469-png_fefc8ffa-13fd-4297-ad21-b259889044a3_png_jpg.rf.cf1ecfe8d12dd1f3744bd2ead4f932bb.jpg,1,0,0,0,0,0,1,0,0,0,0,0,0,0
Dwarf-Gourami_original_47-png_df3ead78-44dc-4a7d-a3c1-343222143ee2_png_jpg.rf.bc6c644188c0dd96ecc425e37a209b92.jpg,1,0,0,0,0,0,1,0,0,0,0,0,0,0
Dwarf-Gourami_original_483-png_9b048ec0-bebc-4756-857d-d6fadc84321a_png_jpg.rf.7bf0f38e8ed58ce06fd1934a467f9128.jpg,2,0,0,0,0,0,2,0,0,0,0,0,0,0
Dwarf-Gourami_original_508-png_a90db00b-7961-45ee-b57a-3a5395537792_png_jpg.rf.b2af224d60de6e92104e628fcf9dcd7f.jpg,1,0,0,0,0,0,1,0,0,0,0,0,0,0
Dwarf-Gourami_original_512-png_092460b9-80c6-45f0-b082-6dc33b8e0068_png_jpg.rf.992574bea348d0df476ad2ec7c37a99f.jpg,1,0,0,0,0,0,1,0,0,0,0,0,0,0
Dwarf-Gourami_original_513-png_f0bcad7c-db9f-46c5-9b25-d4f82e318263_png_jpg.rf.bd64bbaf36371d080baeddb5649cb912.jpg,1,0,0,0,0,0,1,0,0,0,0,0,0,0
Dwarf-Gourami_original_516-png_ef5218c2-d547-41ee-ab3d-ce0def3ff656_png_jpg.rf.0eb6c3f826b1fc19dff1d2ec0da70365.jpg,1,0,0,0,0,0,1,0,0,0,0,0,0,0
Dwarf-Gourami_original_523-png_21eb781d-12cf-4466-b4f5-6214bfb4bcf5_png_jpg.rf.69157102d863e134b4f7c55020539def.jpg,1,0,0,0,0,0,1,0,0,0,0,0,0,0
Dwarf-Gourami_original_57-png_76754e08-5506-4493-961c-5fd15fa3027d_png_jpg.rf.13074440f30dc9022262a19f47079bbc.jpg,1,0,0,0,0,0,1,0,0,0,0,0,0,0
Dwarf-Gourami_original_581-png_13975190-e0a9-4a7d-a66c-51b0d5d65269_png_jpg.rf.864d420d978784b959653d6971cf6195.jpg,2,0,0,0,0,0,2,0,0,0,0,0,0,0
Dwarf-Gourami_original_592-png_6152ccea-c7a4-449a-af04-06fa2c5b3900_png_jpg.rf.315d6f42ea8ab8602e3df0bbf15043d8.jpg,1,0,0,0,0,0,1,0,0,0,0,0,0,0
Dwarf-Gourami_original_599-png_6a2b44a4-eeeb-4a96-9eb8-36a6ab52e2c8_png_jpg.rf.7e9bab3ee31096d1d6c1b3325aa79483.jpg,1,0,0,0,0,0,1,0,0,0,0,0,0,0
Dwarf-Gourami_original_599-png_f99bc219-290a-40b5-8519-6cb6f4bc8ec8_png_jpg.rf.61f5c3a12efdd9ff108f349322cda128.jpg,1,0,0,0,0,0,1,0,0,0,0,0,0,0
Dwarf-Gourami_original_6-png_a4d546cd-f507-44b9-943e-2c46c6f38ac5_png_jpg.rf.8dd538d39ac6f93105e2f0fa4dd639d3.jpg,1,0,0,0,0,0,1,0,0,0,0,0,0,0
Dwarf-Gourami_original_603-png_e14e27e3-ad5a-4ded-9091-5795bcb40f51_png_jpg.rf.194527f8caf483043435eddbe68913c3.jpg,1,0,0,0,0,0,1,0,0,0,0,0,0,0
Dwarf-Gourami_original_606-png_4757fbb8-d280-4b6f-9e1a-7d11704d1dae_png_jpg.rf.65f5f33529dbb24174202818b2844cba.jpg,1,0,0,0,0,0,1,0,0,0,0,0,0,0
Dwarf-Gourami_original_607-png_9757dca2-775f-4f8a-b1d7-6d278225c7f2_png_jpg.rf.1cc9c3100608572e4373d744bd2d313b.jpg,1,0,0,0,0,0,1,0,0,0,0,0,0,0
Dwarf-Gourami_original_613-png_f5cb589e-c8c9-4768-abd5-84b1a37a8b63_png_jpg.rf.c7db6afb7cd451237dcd6f7b565470af.jpg,1,0,0,0,0,0,1,0,0,0,0,0,0,0
Dwarf-Gourami_original_616-png_841eb89c-b062-4a5e-9c6d-6954b73c8f33_png_jpg.rf.9f4c0b2de747f871ae7653ea9318e217.jpg,1,0,0,0,0,0,1,0,0,0,0,0,0,0
Dwarf-Gourami_original_616-png_a7d8a1f1-7b5a-47ad-a8dc-cedff9159fa8_png_jpg.rf.5394d948c54f113bd468764ab9625540.jpg,1,0,0,0,0,0,1,0,0,0,0,0,0,0
Dwarf-Gourami_original_616-png_a7d8a1f1-7b5a-47ad-a8dc-cedff9159fa8_png_jpg.rf.a7e00c6e443f727b5501a031201a8ad6.jpg,1,0,0,0,0,0,1,0,0,0,0,0,0,0
Dwarf-Gourami_original_616-png_ade4f458-c205-49b0-9b34-28879198eef4_png_jpg.rf.e934766f078b3da4efbc0267f613fed9.jpg,1,0,0,0,0,0,1,0,0,0,0,0,0,0
Dwarf-Gourami_original_620-png_a6ad6ad5-8f66-4b17-b9aa-7a8a543beda3_png_jpg.rf.7e7f261cc18d26c838a2c9a1558c8463.jpg,1,0,0,0,0,0,1,0,0,0,0,0,0,0
Dwarf-Gourami_original_697-png_acdf9aec-b27a-45d5-8f63-d3c06fa6d38d_png_jpg.rf.846c467e92bad75df6d17edbcafc6251.jpg,1,0,0,0,0,0,1,0,0,0,0,0,0,0
Dwarf-Gourami_original_724-png_5da5594d-119d-48d4-8aab-16f746b8658f_png_jpg.rf.7f88ceeafd708b58690fc2d908df69d0.jpg,1,0,0,0,0,0,1,0,0,0,0,0,0,0
Dwarf-Gourami_original_79-png_154aa5b2-1a27-43bf-8736-3be6fc24ffdf_png_jpg.rf.534d6011319202a0bc26fdd0551a2265.jpg,4,0,0,0,0,0,4,0,0,0,0,0,0,0
Dwarf-Gourami_original_8-png_73b8d52e-2133-4d11-8251-0a6f0bc554d2_png_jpg.rf.afafc76f78dea628a0016569eacfb84a.jpg,1,0,0,0,0,0,1,0,0,0,0,0,0,0
Dwarf-Gourami_original_80-png_4348578b-7ed9-4394-8151-de29b0272e2c_png_jpg.rf.7a76f762f1caa378a3192b8e3ae97266.jpg,1,0,0,0,0,0,1,0,0,0,0,0,0,0
Dwarf-Gourami_original_88-png_7dc99899-0de7-4f49-bae9-396b9c53752a_png_jpg.rf.71ffd4d79788c5e59c97a93bebc63fa4.jpg,1,0,0,0,0,0,1,0,0,0,0,0,0,0
Dwarf-Gourami_original_88-png_f3fe91ed-b1ae-4fd1-98d9-975ad1f4a2d0_png_jpg.rf.d403c1d081d8bb9eaab5cf83b6577145.jpg,1,0,0,0,0,0,1,0,0,0,0,0,0,0
Dwarf-Gourami_original_9-png_b28d72ab-24c2-48fe-bec9-759f550ef622_png_jpg.rf.337e5bd942487cd6de8bf7486482eb9e.jpg,1,0,0,0,0,0,1,0,0,0,0,0,0,0
Dwarf-Gourami_original_fishbase-2-jpg_f99fc7e3-74af-4252-a75a-a296055c2af5_jpg.rf.e6ae1382deadc239d2a4e93c484f146b.jpg,1,0,0,0,0,0,1,0,0,0,0,0,0,0
Dwarf-Gourami_original_gbif-13-png_c2605b07-ea0e-4b4b-8716-f284eea98d07_png_jpg.rf.d9acebacbd7e249d4c388d6bd79d1e34.jpg,1,0,0,0,0,0,1,0,0,0,0,0,0,0
Dwarf-Gourami_original_gbif-8-png_528c0ce1-ea4c-4bc9-9ba0-67e4fb3d2bb7_png_jpg.rf.d028a5261bdc08d2686f5a41ec8567a0.jpg,1,0,0,0,0,0,1,0,0,0,0,0,0,0
IMG_20210815_214525__01_jpeg.rf.aee1f0779e51bb42da088f08bfee4d5e.jpg,1,0,0,0,0,0,0,0,0,0,1,0,0,0
IMG_2915_JPG_jpg.rf.028044aeaa45fe5ce219cc6db0e4fd58.jpg,1,0,0,0,0,0,0,0,0,0,0,1,0,0
IMG_2939_JPG_jpg.rf.1de459173965d127f482f2e98f20519d.jpg,1,0,0,0,0,0,0,0,0,0,0,1,0,0
IMG_2940_JPG_jpg.rf.75a29596e5822cefba08654dfa7ece9d.jpg,1,0,0,0,0,0,0,0,0,0,0,1,0,0
IMG_2946_JPG_jpg.rf.479cc2c824c03b903027e6cec4d3c0ce.jpg,1,0,0,0,0,0,0,0,0,0,0,1,0,0
IMG_2948_JPG_jpg.rf.f420a0b9cb97bf2c28297b82c3c4d2aa.jpg,3,0,0,0,0,0,0,0,0,0,0,3,0,0
IMG_2949_JPG_jpg.rf.73f85bb55009011773b2f567f7b6d750.jpg,1,0,0,0,0,0,0,0,0,0,0,1,0,0
IMG_2957_JPG_jpg.rf.236c31752ae6079b32509371fcdd2760.jpg,2,0,0,0,0,0,0,0,0,0,0,1,1,0
IMG_2972_JPG_jpg.rf.6a0b9c5cac15c80ad2254d8e26b6ebbf.jpg,1,0,0,0,0,0,0,0,0,0,0,1,0,0
IMG_2995_JPG_jpg.rf.c8910a2cad5ff35b690049258a2017d5.jpg,1,0,0,0,0,0,0,0,0,0,0,1,0,0
IMG_3002_JPG_jpg.rf.5c9f81e1db42d100adffdc04e5370ff6.jpg,1,0,0,0,0,0,0,0,0,0,0,1,0,0
IMG_3004_JPG_jpg.rf.1e0d31e7d7ebcedff2637d894d05a4bc.jpg,1,0,0,0,0,0,0,0,0,0,0,1,0,0
IMG_3008_JPG_jpg.rf.00943c0536f16e5a9d4528131f063f51.jpg,1,0,0,0,0,0,0,0,0,0,0,1,0,0
IMG_3120_jpg.rf.e33238bd987037cd59f664e5f1d2599e.jpg,25,0,0,0,0,0,0,0,0,0,0,25,0,0
IMG_3127_jpg.rf.44cd058c00c2cb18967ec2e85d1dfacb.jpg,54,0,0,0,0,0,0,0,0,0,0,54,0,0
Paletten_Doktorfisch_-Paracanthurus_hepatus-_01_jpg.rf.b8abd360508aee6351cacbe3c6940e00.jpg,1,0,1,0,0,0,0,0,0,0,0,0,0,0
ParacanthHepatMarkRosenstein_jpg.rf.71e47439909e29ae323a7c159aeb017f.jpg,3,0,3,0,0,0,0,0,0,0,0,0,0,0
ParacanthHepatMarkRosenstein_jpg.rf.729d3a3254a60849743e3219c38f56c4.jpg,1,0,1,0,0,0,0,0,0,0,0,0,0,0
Paracanthurus-hepatus-paletten-doktorfisch_jpg.rf.b3a76d5b5b3c739d4207c6bed513d39b.jpg,1,0,1,0,0,0,0,0,0,0,0,0,0,0
Paracanthurus-hepatus_jpg.rf.0a6a721d43f03664867dbf55f69b9401.jpg,4,0,4,0,0,0,0,0,0,0,0,0,0,0
Paracanthurus-hepatus_jpg.rf.862a7d259be0ad3c2b7329038b85da05.jpg,1,0,1,0,0,0,0,0,0,0,0,0,0,0
ParacanthurusHepatus-218-_jpg.rf.1776afe91c2ccb52d48f44ee98ca7ef4.jpg,2,0,1,0,0,0,0,0,0,0,0,0,1,0
ParacanthurusHepatus-254-_jpg.rf.be8f8534fdaf6566310e037d58fec6c1.jpg,1,0,1,0,0,0,0,0,0,0,0,0,0,0
ParacanthurusHepatus-255-_jpg.rf.e83eccd217fa3f49ef87d8bf8c9e2b62.jpg,1,0,1,0,0,0,0,0,0,0,0,0,0,0
ParacanthurusHepatus-454-_jpg.rf.493ebe4e0b94c1b243cfce73f814e0ef.jpg,1,0,0,0,0,0,0,0,0,0,0,0,1,0
Paracanthurus_hepatus_Prague_2011_2_jpg.rf.aaa3046f7f650e32315e7f650d1dbdec.jpg,1,0,1,0,0,0,0,0,0,0,0,0,0,0
TANG-HIPPO-YELLOW-BELLY-Paracanthurus-hepatus_jpg.rf.004620fa15735560031d60741b3a4664.jpg,1,0,1,0,0,0,0,0,0,0,0,0,0,0
TANG-HIPPO-YELLOW-BELLY-Paracanthurus-hepatus_jpg.rf.d8cdc4f0675210d392817e01f391b11a.jpg,4,0,4,0,0,0,0,0,0,0,0,0,0,0
Tang-Blue-Hippo-Paracanthurus-hepatus-1_jpg.rf.022608fcaa4722976e8a105c06e67e86.jpg,1,0,1,0,0,0,0,0,0,0,0,0,0,0
ThreeStripeDamselfish4_jpeg.rf.76597133b606a8920ca3c71bbf24f8d1.jpg,1,0,0,0,0,0,0,0,0,0,1,0,0,0
Zebrafish-Green-24-_png_jpg.rf.d7a67e64e1e92f1c648f6d91b90ecfed.jpg,1,0,0,0,0,0,0,0,0,0,0,0,0,1
Zebrafish-Green-3-_png_jpg.rf.665b1a65c315478c4504d0fa97dc01b2.jpg,1,0,0,0,0,0,0,0,0,0,0,0,0,1
Zebrafish-Green-33-_png_jpg.rf.92c0badd62ef89262c133ebbd7c28069.jpg,6,0,0,0,0,0,0,0,0,0,0,0,0,6
Zebrafish-Green-4-_png_jpg.rf.151d64989b48f86f30ffeb278deff195.jpg,3,0,0,0,0,0,0,0,0,0,0,0,0,3
Zebrafish-Green-46-_png_jpg.rf.c6d300cb2b4740d33ffb6afed34b3ba9.jpg,3,0,0,0,0,0,0,0,0,0,0,0,0,3
Zebrafish-Green-46-_png_jpg.rf.d851b5b76102e6110bf49f99f793dbac.jpg,3,0,0,0,0,0,0,0,0,0,0,0,0,3
Zebrafish-Not-Green-110-_png_jpg.rf.4efbf03e7ea9eed807c3f9273f324ab9.jpg,1,0,0,0,0,0,0,0,0,0,0,0,0,1
Zebrafish-Not-Green-112-_png_jpg.rf.cd74c34b95a06a80c49d6da72287de95.jpg,1,0,0,0,0,0,0,0,0,0,0,0,0,1
Zebrafish-Not-Green-128-_png_jpg.rf.7fb4e753dd4d43545eac447e9355f84d.jpg,1,0,0,0,0,0,0,0,0,0,0,0,0,1
Zebrafish-Not-Green-130-_png_jpg.rf.52bc9ed0c6d8d16c823eec3487e5682e.jpg,1,0,0,0,0,0,0,0,0,0,0,0,0,1
Zebrafish-Not-Green-141-_png_jpg.rf.873e328d27a779181f752422cf0ce387.jpg,1,0,0,0,0,0,0,0,0,0,0,0,0,1
Zebrafish-Not-Green-144-_png_jpg.rf.eafc826da173805a188d855bfd66bade.jpg,1,0,0,0,0,0,0,0,0,0,0,0,0,1
Zebrafish-Not-Green-154-_png_jpg.rf.b3d6efe77796a95a1db02e01941d33e0.jpg,1,0,0,0,0,0,0,0,0,0,0,0,0,1
Zebrafish-Not-Green-155-_png_jpg.rf.a27f0152c5dccee80159eb377462bfd0.jpg,1,0,0,0,0,0,0,0,0,0,0,0,0,1
Zebrafish-Not-Green-156-_png_jpg.rf.6b2c930a650de42fb45edfc31497f5a7.jpg,1,0,0,0,0,0,0,0,0,0,0,0,0,1
Zebrafish-Not-Green-170-_png_jpg.rf.95e8d55f762ea9de1451a5d4adebd790.jpg,4,0,0,0,0,0,0,0,0,0,0,0,0,4
Zebrafish-Not-Green-172-_png_jpg.rf.01228911451b1edb99fb5430fcc4c4c4.jpg,3,0,0,0,0,0,0,0,0,0,0,0,0,3
Zebrafish-Not-Green-180-_png_jpg.rf.03eb5a98001d9c9cc0ec6928f4e5ef3e.jpg,2,0,0,0,0,0,0,0,0,0,0,0,0,2
Zebrafish-Not-Green-189-_png_jpg.rf.ddda97535de588134d9143714c8dbd36.jpg,1,0,0,0,0,0,0,0,0,0,0,0,0,1
Zebrafish-Not-Green-190-_png_jpg.rf.e9b3811adb9664ce698ac65fc07be71f.jpg,1,0,0,0,0,0,0,0,0,0,0,0,0,1
Zebrafish-Not-Green-194-_png_jpg.rf.bcc447a9099f3b0de4f567ecc09f50f9.jpg,2,0,0,0,0,0,0,0,0,0,0,0,0,2
Zebrafish-Not-Green-202-_png_jpg.rf.bc448eb7535a8369ed60b41ef68ae09b.jpg,1,0,0,0,0,0,0,0,0,0,0,0,0,1
Zebrafish-Not-Green-203-_png_jpg.rf.d7c1035368f16b64cf6142fc9e58fb18.jpg,1,0,0,0,0,0,0,0,0,0,0,0,0,1
Zebrafish-Not-Green-207-_png_jpg.rf.cb86dc6aeb0c8a699341f03438c3665f.jpg,1,0,0,0,0,0,0,0,0,0,0,0,0,1
Zebrafish-Not-Green-215-_png_jpg.rf.95c6da897d3aab08ac6289e972c079bf.jpg,2,0,0,0,0,0,0,0,0,0,0,0,0,2
Zebrafish-Not-Green-216-_png_jpg.rf.217cba3a6ffc985a90e589938a417a81.jpg,1,0,0,0,0,0,0,0,0,0,0,0,0,1
Zebrafish-Not-Green-219-_png_jpg.rf.4d4a12b861fe81c230a1c1ba69432a0e.jpg,1,0,0,0,0,0,0,0,0,0,0,0,0,1
Zebrafish-Not-Green-221-_png_jpg.rf.f254f4ff5f74a9152f20c1f95bd7aa5e.jpg,1,0,0,0,0,0,0,0,0,0,0,0,0,1
Zebrafish-Not-Green-227-_png_jpg.rf.0a40121a6ec9cdde12212d3e8f082ea1.jpg,1,0,0,0,0,0,0,0,0,0,0,0,0,1
Zebrafish-Not-Green-227-_png_jpg.rf.51b2301b8fffaa2f852dee763bae9cc6.jpg,1,0,0,0,0,0,0,0,0,0,0,0,0,1
Zebrafish-Not-Green-238-_png_jpg.rf.3e07916d661a65cdd33b7ec760d629fe.jpg,1,0,0,0,0,0,0,0,0,0,0,0,0,1
Zebrafish-Not-Green-243-_png_jpg.rf.e03fa38dd2f4028f71af38dccb057210.jpg,1,0,0,0,0,0,0,0,0,0,0,0,0,1
Zebrafish-Not-Green-246-_png_jpg.rf.ee959f435a6e0328af40793aaafec3bb.jpg,1,0,0,0,0,0,0,0,0,0,0,0,0,1
Zebrafish-Not-Green-249-_png_jpg.rf.9c934bc7b3ecb0556167a5d870a138d0.jpg,2,0,0,0,0,0,0,0,0,0,0,0,0,2
Zebrafish-Not-Green-250-_png_jpg.rf.c1bd2a7339662270014c20df096b83fd.jpg,1,0,0,0,0,0,0,0,0,0,0,0,0,1
Zebrafish-Not-Green-254-_png_jpg.rf.6ced5c89b11ba2f3c160da04235be141.jpg,5,0,0,0,0,0,0,0,0,0,0,0,0,5
Zebrafish-Not-Green-265-_png_jpg.rf.e4d1fd83eea44547464cddb24fde96b9.jpg,1,0,0,0,0,0,0,0,0,0,0,0,0,1
Zebrafish-Not-Green-267-_png_jpg.rf.2bd7c29b493a591d07800e83490f624d.jpg,1,0,0,0,0,0,0,0,0,0,0,0,0,1
Zebrafish-Not-Green-270-_png_jpg.rf.8fe0861b1f00e1a6cdfb857630b64724.jpg,1,0,0,0,0,0,0,0,0,0,0,0,0,1
Zebrafish-Not-Green-275-_png_jpg.rf.399a93b054c1864e3edd13345cd38c3e.jpg,2,0,0,0,0,0,0,0,0,0,0,0,0,2
Zebrafish-Not-Green-275-_png_jpg.rf.7eeaacebef21f691a33dfb2f8d174954.jpg,2,0,0,0,0,0,0,0,0,0,0,0,0,2
Zebrafish-Not-Green-281-_png_jpg.rf.f77653f4157f60ecfc272d5855b8caf3.jpg,1,0,0,0,0,0,0,0,0,0,0,0,0,1
Zebrafish-Not-Green-291-_png_jpg.rf.c1dc90323e0ea3f884c7b36f429e9fee.jpg,1,0,0,0,0,0,0,0,0,0,0,0,0,1
Zebrafish-Not-Green-298-_png_jpg.rf.c313d834f108cd5d6c398399f959dc22.jpg,2,0,0,0,0,0,0,0,0,0,0,0,0,2
Zebrafish-Not-Green-305-_png_jpg.rf.5a23eae4f87e2a801fb9c63de52dd841.jpg,1,0,0,0,0,0,0,0,0,0,0,0,0,1
Zebrafish-Not-Green-312-_png_jpg.rf.b72a68b0cd8469aee65aaf468b802ba8.jpg,1,0,0,0,0,0,0,0,0,0,0,0,0,1
Zebrafish-Not-Green-324-_png_jpg.rf.1acd48fdd11af2b3aba5bcc7421450e8.jpg,1,0,0,0,0,0,0,0,0,0,0,0,0,1
Zebrafish-Not-Green-332-_png_jpg.rf.32b389ce5f51f9bd7bae3d778b0bb240.jpg,1,0,0,0,0,0,0,0,0,0,0,0,0,1
Zebrafish-Not-Green-333-_png_jpg.rf.018972f18bd6ab65eb41798042c1ac81.jpg,2,0,0,0,0,0,0,0,0,0,0,0,0,2
Zebrafish-Not-Green-333-_png_jpg.rf.dc70af32baccee3e945726328bbb18c2.jpg,1,0,0,0,0,0,0,0,0,0,0,0,0,1
Zebrafish-Not-Green-337-_png_jpg.rf.36b4d9f344d156eb7e27caa5afe8f7fc.jpg,2,0,0,0,0,0,0,0,0,0,0,0,0,2
Zebrafish-Not-Green-340-_png_jpg.rf.25a4bfca311359ccc7edb42b093e88c6.jpg,3,0,0,0,0,0,0,0,0,0,0,0,0,3
Zebrafish-Not-Green-349-_png_jpg.rf.f86f12c8cf3402d75ce868879a3f3987.jpg,1,0,0,0,0,0,0,0,0,0,0,0,0,1
Zebrafish-Not-Green-350-_png_jpg.rf.7e0b2b077fbd438e4fa3060dcb194ccb.jpg,1,0,0,0,0,0,0,0,0,0,0,0,0,1
Zebrafish-Not-Green-353-_png_jpg.rf.2f7b8279324bae178c8cd5664f6d4a17.jpg,1,0,0,0,0,0,0,0,0,0,0,0,0,1
Zebrafish-Not-Green-358-_png_jpg.rf.6af2d6a0298fe2574a0f1f0a2f363cdb.jpg,5,0,0,0,0,0,0,0,1,0,0,0,0,4
Zebrafish-Not-Green-363-_png_jpg.rf.5d0c3bce209ee9880380ae19c52434aa.jpg,4,0,0,0,0,0,0,0,0,0,0,0,0,4
Zebrafish-Not-Green-368-_png_jpg.rf.8beb6bc5dae866ba74e96c5fabfe9324.jpg,1,0,0,0,0,0,0,0,0,0,0,0,0,1
Zebrafish-Not-Green-370-_png_jpg.rf.faf0899b52094932e08d034375bf40a9.jpg,2,0,0,0,0,0,0,0,0,0,0,0,0,2
Zebrafish-Not-Green-378-_png_jpg.rf.85e153d92a28bda769fc4520c5910913.jpg,1,0,0,0,0,0,0,0,0,0,0,0,0,1
Zebrafish-Not-Green-379-_png_jpg.rf.20906b3238ebc4e7459ee707bef2dd0d.jpg,2,0,0,0,0,0,0,0,0,0,0,0,0,2
Zebrafish-Not-Green-384-_png_jpg.rf.18d33658a402dc37cb8faaaf83cb50d6.jpg,1,0,0,0,0,0,0,0,0,0,0,0,0,1
Zebrafish-Not-Green-384-_png_jpg.rf.c9a764b5fefd0568562712a5f4cd36b3.jpg,1,0,0,0,0,0,0,0,0,0,0,0,0,1
Zebrafish-Not-Green-386-_png_jpg.rf.4b4ac3006b92027879bc86fd8697829f.jpg,2,0,0,0,0,0,0,0,0,0,0,0,0,2
Zebrafish-Not-Green-392-_png_jpg.rf.0170c59a2b9f34f1bb626acaf5a9c370.jpg,1,0,0,0,0,0,0,0,0,0,0,0,0,1
Zebrafish-Not-Green-398-_png_jpg.rf.b51fd06f87f42bacaa2e0948bed54e53.jpg,1,0,0,0,0,0,0,0,0,0,0,0,0,1
Zebrafish-Not-Green-399-_png_jpg.rf.3cb659f33b214ac3d07a2ee7749ee9cc.jpg,1,0,0,0,0,0,0,0,0,0,0,0,0,1
Zebrafish-Not-Green-404-_png_jpg.rf.90900b8bba636ae89c52d969163fa93a.jpg,1,0,0,0,0,0,0,0,0,0,0,0,0,1
Zebrafish-Not-Green-404-_png_jpg.rf.be912dabf91c622778f4aaa7e61702e9.jpg,1,0,0,0,0,0,0,0,0,0,0,0,0,1
Zebrafish-Not-Green-407-_png_jpg.rf.bddf438a989aa17d27414133b7ae7539.jpg,1,0,0,0,0,0,0,0,0,0,0,0,0,1
Zebrafish-Not-Green-409-_png_jpg.rf.ddd1aba6151382fdc23ad4376915de85.jpg,2,0,0,0,0,0,0,0,0,0,0,0,0,2
Zebrafish-Not-Green-411-_png_jpg.rf.4100af7afd0d49a7baf13bf7e99925ed.jpg,1,0,0,0,0,0,0,0,0,0,0,0,0,1
Zebrafish-Not-Green-430-_png_jpg.rf.2340207ea05da8231f7c336a119546aa.jpg,1,0,0,0,0,0,0,0,0,0,0,0,0,1
Zebrafish-Not-Green-70-_png_jpg.rf.b2047d4d04f615cf788b34e59a2d9224.jpg,1,0,0,0,0,0,0,0,0,0,0,0,0,1
Zebrafish-Not-Green-72-_png_jpg.rf.6b2e436e4ca1b455d86a65bfff691552.jpg,1,0,0,0,0,0,0,0,0,0,0,0,0,1
Zebrafish-Not-Green-84-_png_jpg.rf.d7b3f19759fc1426e10671c06c8bb7f3.jpg,1,0,0,0,0,0,0,0,0,0,0,0,0,1
Zebrafish-Not-Green-86-_png_jpg.rf.3ecb55e23ac8cd26cbecd5769203cbf1.jpg,6,0,0,0,0,0,0,0,0,0,0,0,0,6
Zebrafish-Not-Green-87-_png_jpg.rf.e8bafcd40a307d5eb3b500e82d1a6849.jpg,1,0,0,0,0,0,0,0,0,0,0,0,0,1
Zebrafish-Not-Green-92-_png_jpg.rf.22ffc995bafc8e12c78055280c111fcc.jpg,1,0,0,0,0,0,0,0,0,0,0,0,0,1
ZebrasomaFlavescens-119-_jpg.rf.af3afb78e1ec89fd01d7e9b20caf9a3f.jpg,1,0,0,0,0,0,0,0,0,0,0,0,1,0
ZebrasomaFlavescens-133-_jpg.rf.781763efd0cd63961a8ef3ea0929df59.jpg,1,0,0,0,0,0,0,0,0,0,0,0,1,0
ZebrasomaFlavescens-136-_jpg.rf.cc1af0e47a697cae11aec7551ade1aba.jpg,1,0,0,0,0,0,0,0,0,0,0,0,1,0
ZebrasomaFlavescens-147-_jpg.rf.6701b625813c40c3a1ad48b9d7e442d8.jpg,1,0,0,0,0,0,0,0,0,0,0,0,1,0
ZebrasomaFlavescens-152-_jpg.rf.11ab6a69c4bbbf0c0a392fa45f4c30a2.jpg,1,0,0,0,0,0,0,0,0,0,0,0,1,0
ZebrasomaFlavescens-158-_jpg.rf.865b41d8700afbe9b15cf8e6a5eeae2c.jpg,2,0,0,0,1,0,0,0,0,0,0,0,1,0
ZebrasomaFlavescens-159-_jpg.rf.37ce57431140a708eaac9d131fb9c635.jpg,1,0,0,0,0,0,0,0,0,0,0,0,1,0
ZebrasomaFlavescens-166-_jpg.rf.80a0de102309eb1eda67d09c07a9bf7b.jpg,1,0,0,0,0,0,0,0,0,0,0,0,1,0
ZebrasomaFlavescens-193-_jpg.rf.f583a7f9d95c934202d965b68d99a00d.jpg,1,0,0,0,0,0,0,0,0,0,0,0,1,0
ZebrasomaFlavescens-2-_jpeg_jpg.rf.11633327782dac14eb0c33f55b3eebd4.jpg,1,0,0,0,0,0,0,0,0,0,0,0,1,0
ZebrasomaFlavescens-203-_jpg.rf.a148f584df964b66944d3b91a71e79b0.jpg,1,0,0,0,0,0,0,0,0,0,0,0,1,0
ZebrasomaFlavescens-227-_jpg.rf.68c321461f8a71c0fe849af44d247a01.jpg,1,0,0,0,0,0,0,0,0,0,0,0,1,0
ZebrasomaFlavescens-232-_jpg.rf.aaf4931b2b13229e7d63fe0521ffdfce.jpg,1,0,0,0,0,0,0,0,0,0,0,0,1,0
ZebrasomaFlavescens-241-_jpg.rf.3594130805dd9627c64ead1da5a020f6.jpg,1,0,0,0,0,0,0,0,0,0,0,0,1,0
ZebrasomaFlavescens-254-_jpg.rf.e528bcc79ceae769d5c217f3ffc99384.jpg,1,0,0,0,0,0,0,0,0,0,0,0,1,0
ZebrasomaFlavescens-260-_jpg.rf.0ff2696e5e3e56b44dea853b60faa5a3.jpg,1,0,0,0,0,0,0,0,0,0,0,0,1,0
ZebrasomaFlavescens-272-_jpg.rf.111ab934d95f7a15e1758e54b9d54945.jpg,15,0,0,1,0,0,0,0,0,0,0,0,14,0
ZebrasomaFlavescens-273-_jpg.rf.d78e54e0724a890bd6198070ac7d5b20.jpg,1,0,0,0,0,0,0,0,0,0,0,0,1,0
ZebrasomaFlavescens-279-_jpg.rf.efab580dceda6046704f9f6521785222.jpg,4,0,1,0,1,0,0,0,0,0,0,0,2,0
ZebrasomaFlavescens-283-_jpg.rf.5f4a42bc20af898b363aa69b308af5a4.jpg,1,0,0,0,0,0,0,0,0,0,0,0,1,0
ZebrasomaFlavescens-303-_jpg.rf.118e48c4545340c67bc62449df98e140.jpg,4,0,0,0,0,0,0,0,0,0,0,0,4,0
ZebrasomaFlavescens-308-_jpg.rf.a9c1fb810e7e7a99717a2c77d878746d.jpg,1,0,0,0,0,0,0,0,0,0,0,0,1,0
ZebrasomaFlavescens-353-_jpg.rf.8b1af0e84244828eee88585503617b7c.jpg,1,0,0,0,0,0,0,0,0,0,0,0,1,0
ZebrasomaFlavescens-363-_jpg.rf.be71f6313f39d90176a7415076f8fe7a.jpg,1,0,0,0,0,0,0,0,0,0,0,0,1,0
ZebrasomaFlavescens-375-_jpg.rf.880e2c62aa47d7041afe26515f6e1538.jpg,1,0,0,0,0,0,0,0,0,0,0,0,1,0
ZebrasomaFlavescens-440-_jpg.rf.2bc0c4d4bbc859bd87c0b46726543351.jpg,3,0,0,0,0,0,0,0,0,0,0,0,3,0
ZebrasomaFlavescens-486-_jpg.rf.3574a423d8a4430c0ef09a9f923efc8b.jpg,1,0,0,0,0,0,0,0,0,0,0,0,1,0
ZebrasomaFlavescens-489-_jpg.rf.fa30a9ee8f640ec4072010102628877a.jpg,2,0,0,0,0,0,0,0,0,0,0,0,2,0
ZebrasomaFlavescens-492-_jpg.rf.86f8989d40cc05d4ecabd8f16e635961.jpg,1,0,0,0,0,0,0,0,0,0,0,0,1,0
ZebrasomaFlavescens-498-_jpg.rf.a277c4390ca9b0e948879827a22ba682.jpg,2,0,0,0,0,0,0,0,0,0,0,0,2,0
ZebrasomaFlavescens-499-_jpg.rf.ee7376faf1f286c5ed668fa09c0a1347.jpg,1,0,0,0,0,0,0,0,0,0,0,0,1,0
ZebrasomaFlavescens-532-_jpg.rf.24632bd7c1b6858143e936d87b06e888.jpg,1,0,0,0,0,0,0,0,0,0,0,0,1,0
ZebrasomaFlavescens-552-_jpg.rf.6ebb59b6c98f48cb10ea12c33a58ab37.jpg,1,0,0,0,0,0,0,0,0,0,0,0,1,0
ZebrasomaFlavescens-553-_jpg.rf.212820f4c4ad079cfacd87327a49b82b.jpg,1,0,0,0,0,0,0,0,0,0,0,0,1,0
ZebrasomaFlavescens-558-_jpg.rf.df0042a48ec7a2dfae43a67b8199b28c.jpg,3,0,0,0,2,0,0,0,0,0,0,0,1,0
ZebrasomaFlavescens-565-_jpg.rf.34e51cba5469da819108539c1c8c2a69.jpg,1,0,0,0,0,0,0,0,0,0,0,0,1,0
ZebrasomaFlavescens-572-_jpg.rf.c8f24a6c245fabbd62ddda5a2fc50824.jpg,1,0,0,0,0,0,0,0,0,0,0,0,1,0
ZebrasomaFlavescens-578-_jpg.rf.8bb2d562f87d961c9f9723ff2f1d56ac.jpg,1,0,0,0,0,0,0,0,0,0,0,0,1,0
ZebrasomaFlavescens-583-_jpg.rf.60bd0b5e2a6a084718b1888dbb1da28c.jpg,1,0,0,0,0,0,0,0,0,0,0,0,1,0
ZebrasomaFlavescens-598-_jpg.rf.7cd37a38a7194d56c7275f7eee1c04b2.jpg,1,0,0,0,0,0,0,0,0,0,0,0,1,0
ZebrasomaFlavescens-602-_jpg.rf.bd5c0150a73f2fe5c1349a9abfdf73bd.jpg,1,0,0,0,0,0,0,0,0,0,0,0,1,0
ZebrasomaFlavescens-607-_jpg.rf.b2d61bebf21b674c25a19116cbbf88b6.jpg,1,0,0,0,0,0,0,0,0,0,0,0,1,0
ZebrasomaFlavescens-615-_jpg.rf.c7af4845be6ec56cf3127039879ada20.jpg,1,0,0,0,0,0,0,0,0,0,0,0,1,0
ZebrasomaFlavescens-90-_jpg.rf.a2f1e3d4194955a12821d0e09d7f1e87.jpg,1,0,0,0,0,0,0,0,0,0,0,0,1,0
amphiprion-percula-picasso-a2-picasso-percula-clownfish-1-_jpg.rf.fcb11d671fcd7a75a73b7d89100031aa.jpg,2,0,0,0,2,0,0,0,0,0,0,0,0,0
batch_1_34_goldfish_13_jpg.rf.1b580706c56b9d6ad7c2e4bed832a9bc.jpg,2,0,0,0,0,2,0,0,0,0,0,0,0,0
batch_1_34_goldfish_16_jpg.rf.73d3b54fcd78397e84ddf0279b677a85.jpg,1,0,0,0,0,1,0,0,0,0,0,0,0,0
batch_1_34_goldfish_1_jpg.rf.dba75dd6bb547d0ade2b9b03e5ed1b78.jpg,1,0,0,0,0,1,0,0,0,0,0,0,0,0
batch_1_34_goldfish_20_jpg.rf.23c0122b0663b999cd86d97a8c3b879e.jpg,1,0,0,0,0,1,0,0,0,0,0,0,0,0
batch_1_34_goldfish_24_jpg.rf.be51dc4fca15814ee94d540f4a6357bf.jpg,1,0,0,0,0,1,0,0,0,0,0,0,0,0
batch_1_34_goldfish_5_jpg.rf.4c09ba87ee809dd4a8703257e85852d7.jpg,1,0,0,0,0,1,0,0,0,0,0,0,0,0
batch_1_34_goldfish_9_jpg.rf.54b8ad2a61f251d6e4a38c90448dc061.jpg,1,0,0,0,0,1,0,0,0,0,0,0,0,0
batch_1_34_goldfish_flipped_10_jpg.rf.8bc4c2c84ab354d2313c90cae62ba6ba.jpg,1,0,0,0,0,1,0,0,0,0,0,0,0,0
batch_1_34_goldfish_flipped_13_jpg.rf.f96e89d5fb6aac8ea90abd83402a392f.jpg,2,0,0,0,0,2,0,0,0,0,0,0,0,0
batch_1_34_goldfish_flipped_18_jpg.rf.aaca63646137666c867e61653ef31ee2.jpg,3,0,0,0,0,3,0,0,0,0,0,0,0,0
batch_1_34_goldfish_flipped_19_jpg.rf.fdf6dd8385ed7135d084319f59d0143b.jpg,1,0,0,0,0,1,0,0,0,0,0,0,0,0
batch_1_34_goldfish_flipped_33_jpg.rf.84f7cc837534bf311cfc24a573e37c35.jpg,1,0,0,0,0,1,0,0,0,0,0,0,0,0
batch_google_40_molly_14_jpg.rf.23b99e9a629271aa0ee445805fac1e29.jpg,2,0,0,0,0,0,0,0,2,0,0,0,0,0
batch_google_40_molly_28_jpg.rf.a9f92da9fe4e60b18775af1b8c1c66b6.jpg,5,0,0,0,0,0,0,0,5,0,0,0,0,0
batch_google_40_molly_40_jpg.rf.18ac026073529816c2961ddf83b2414a.jpg,2,1,0,0,0,0,1,0,0,0,0,0,0,0
batch_ytvideo_165_molly_102_jpg.rf.e7465b9062bf6ee307ec32b86896d555.jpg,1,0,0,0,0,0,0,0,1,0,0,0,0,0
batch_ytvideo_165_molly_105_jpg.rf.e2f9eb335c46385979f5db2fe4ff3051.jpg,2,0,0,0,0,0,0,0,2,0,0,0,0,0
batch_ytvideo_165_molly_110_jpg.rf.0c5203463f79a25d44fec68622aa79fc.jpg,1,0,0,0,0,0,0,0,1,0,0,0,0,0
batch_ytvideo_165_molly_122_jpg.rf.6683c9ecb6e7223e069a0f6317c9b535.jpg,2,0,0,0,0,0,0,0,2,0,0,0,0,0
batch_ytvideo_165_molly_125_jpg.rf.24227ba51c260a915250f7e6949146f8.jpg,1,0,0,0,0,0,0,0,1,0,0,0,0,0
batch_ytvideo_165_molly_129_jpg.rf.95e752e83eef4ba78f93d1afe8406cc1.jpg,2,0,0,0,0,0,0,0,2,0,0,0,0,0
batch_ytvideo_165_molly_12_jpg.rf.c125491e0ac7f3bc8e8716fd7abd1847.jpg,5,0,0,0,0,0,0,0,5,0,0,0,0,0
batch_ytvideo_165_molly_135_jpg.rf.d2467bb98540fb46cde028c45faaec60.jpg,1,0,0,0,0,0,0,0,1,0,0,0,0,0
batch_ytvideo_165_molly_143_jpg.rf.d22dec2b595547a2e36a9bac691c959f.jpg,2,0,0,0,0,0,0,0,2,0,0,0,0,0
batch_ytvideo_165_molly_154_jpg.rf.ee3e7c75a9d7536d54956eed4f3fe670.jpg,2,0,0,0,0,0,0,0,2,0,0,0,0,0
batch_ytvideo_165_molly_162_jpg.rf.a2b8115a99e3ddeb826c14d3c1a113eb.jpg,3,0,0,0,0,0,0,0,3,0,0,0,0,0
batch_ytvideo_165_molly_163_jpg.rf.46e615a31d8c20cc81be9caa1de222c2.jpg,3,0,0,0,0,0,0,0,3,0,0,0,0,0
batch_ytvideo_165_molly_165_jpg.rf.1829e0302d45eda9041cdf809c70d700.jpg,7,0,0,0,0,0,0,0,7,0,0,0,0,0
batch_ytvideo_165_molly_28_jpg.rf.d9cbc6863649f9f7e8b248ea1eda7a75.jpg,5,0,0,0,0,0,0,0,5,0,0,0,0,0
batch_ytvideo_165_molly_2_jpg.rf.5ba521758328949a2aef53bd574b36c8.jpg,1,0,0,0,0,0,0,0,1,0,0,0,0,0
batch_ytvideo_165_molly_39_jpg.rf.c3c1429bbe60ede7713bf676b0b498d0.jpg,2,0,0,0,0,0,0,0,2,0,0,0,0,0
batch_ytvideo_165_molly_3_jpg.rf.97839133b30ceaa714a8790741864742.jpg,1,0,0,0,0,0,0,0,1,0,0,0,0,0
batch_ytvideo_165_molly_41_jpg.rf.d0844684e2cfc0a1d5634a83f045103e.jpg,2,0,0,0,0,0,0,0,2,0,0,0,0,0
batch_ytvideo_165_molly_42_jpg.rf.dd22cc26a18f64d006e92a0d3f823b33.jpg,1,0,0,0,0,0,0,0,1,0,0,0,0,0
batch_ytvideo_165_molly_45_jpg.rf.49b77ff96689981928a584e527914506.jpg,1,0,0,0,0,0,0,0,1,0,0,0,0,0
batch_ytvideo_165_molly_48_jpg.rf.314e044b1acd3e45bdfcb65c39893879.jpg,1,0,0,0,0,0,0,0,1,0,0,0,0,0
batch_ytvideo_165_molly_51_jpg.rf.106da30ad5082baaa34dbe12ad2a199b.jpg,1,0,0,0,0,0,0,0,1,0,0,0,0,0
batch_ytvideo_165_molly_57_jpg.rf.a03d8f8110ae48bc9f7b73d80903b298.jpg,9,0,0,0,0,0,0,0,9,0,0,0,0,0
batch_ytvideo_165_molly_58_jpg.rf.0918ae7a7ca58aa992a244b43ae34000.jpg,12,0,0,0,0,0,0,0,12,0,0,0,0,0
batch_ytvideo_165_molly_69_jpg.rf.eeef6396de5e3393de627e10cb359066.jpg,13,0,0,0,0,0,0,0,13,0,0,0,0,0
batch_ytvideo_165_molly_89_jpg.rf.3600016506417b2c09fbb7eef654b9cc.jpg,1,0,0,0,0,0,0,0,1,0,0,0,0,0
batch_ytvideo_165_molly_95_jpg.rf.e5025bcb8a21adc5b21feb651f30b9b7.jpg,1,0,0,0,0,0,0,0,1,0,0,0,0,0
batch_ytvideo_91_goldfish_10_jpg.rf.b27e59cbfb4247faf49913a29447ddfc.jpg,3,0,0,0,0,3,0,0,0,0,0,0,0,0
batch_ytvideo_91_goldfish_13_jpg.rf.b245fe7b24243f3b97c0e505e80adb61.jpg,4,0,0,0,0,4,0,0,0,0,0,0,0,0
batch_ytvideo_91_goldfish_31_jpg.rf.929594c551f5597c3dfb896ea17b0f45.jpg,5,0,0,0,0,5,0,0,0,0,0,0,0,0
batch_ytvideo_91_goldfish_43_jpg.rf.5a8e0e251522f7ae4f9c68adcab22fdf.jpg,5,0,0,0,0,4,0,0,1,0,0,0,0,0
batch_ytvideo_91_goldfish_50_jpg.rf.e38cd090fc3cc1cff74fe30bee316d14.jpg,7,0,0,0,0,7,0,0,0,0,0,0,0,0
batch_ytvideo_91_goldfish_61_jpg.rf.73f014346b2200ffd5fe637f07ef56b9.jpg,3,0,0,0,0,3,0,0,0,0,0,0,0,0
batch_ytvideo_91_goldfish_72_jpg.rf.9676be483bb3efe81ae0835806bd50d7.jpg,4,0,0,0,0,4,0,0,0,0,0,0,0,0
batch_ytvideo_91_goldfish_74_jpg.rf.7583429181c653d640520c4a25eb4124.jpg,1,0,0,0,0,1,0,0,0,0,0,0,0,0
batch_ytvideo_91_goldfish_78_jpg.rf.85d72f16d9afdc2f74f266961af07097.jpg,2,0,0,0,0,2,0,0,0,0,0,0,0,0
batch_ytvideo_91_goldfish_7_jpg.rf.e2c00ea00f7c296e8bded13b28d38827.jpg,3,0,0,0,0,3,0,0,0,0,0,0,0,0
batch_ytvideo_91_goldfish_80_jpg.rf.3370b308bf8715eb48819dae5d0f4f1b.jpg,1,0,0,0,0,1,0,0,0,0,0,0,0,0
batch_ytvideo_91_goldfish_82_jpg.rf.a030311179e3b7f95963bb4430899d36.jpg,4,0,0,0,0,4,0,0,0,0,0,0,0,0
batch_ytvideo_91_goldfish_88_jpg.rf.2d4c54d19c3f81621c1c7c77b97db0f4.jpg,7,0,0,0,0,7,0,0,0,0,0,0,0,0
batch_ytvideo_91_goldfish_9_jpg.rf.6044aca1285e18e9b06ffa4afb421ea7.jpg,4,0,0,0,0,4,0,0,0,0,0,0,0,0
bmbdr0_jpeg.rf.1b7f2d14f30ee91b5dc2ec48ddd8196b.jpg,1,0,0,0,0,0,0,0,0,0,1,0,0,0
gbif-12-_png_jpg.rf.95b3623f2017e50777a992a7374f7bd1.jpg,1,0,0,0,0,0,1,0,0,0,0,0,0,0
gbif-13-_png_jpg.rf.cbc4bc4b8e15271d4b423e4380141718.jpg,1,0,0,0,0,0,1,0,0,0,0,0,0,0
gbif-4-_png_jpg.rf.a52c9880a319c0a092259d19ff66ecde.jpg,1,0,0,0,0,0,1,0,0,0,0,0,0,0
https_3A_2F_2Fimages-ala-org-3-_jpeg.rf.ee6b497d85296631a18fdd37001a7562.jpg,1,0,0,0,0,0,0,0,0,0,1,0,0,0
https_3A_2F_2Fstatic-inaturalist-org_2Fphotos_2F11967666_2Foriginal-1-_jpg.rf.89148670769fe0feda0cddaa64d3b186.jpg,2,0,0,0,0,0,0,0,0,0,1,0,1,0
humbug-damsel2_jpeg.rf.7eb8ed61c739d5b6daab4a0ae8883264.jpg,1,0,0,0,0,0,0,0,0,0,1,0,0,0
iStock_91240281_SMALL_jpg.rf.0ffce9d63425690f897b1d62c29d6bff.jpg,6,0,4,0,1,0,0,0,0,0,0,0,1,0
iStock_91240281_SMALL_jpg.rf.4e7ce2b89ae7b466e0266871db7070af.jpg,3,0,1,0,1,0,0,0,0,0,0,0,1,0
images-2023-05-20T172326-685_jpeg_jpg.rf.01210f36e66107e325c46ab10e30a62c.jpg,1,0,1,0,0,0,0,0,0,0,0,0,0,0
images-2023-05-20T172329-371_jpeg_jpg.rf.fcac172da9495bb8b8d6ffa0f7cc7038.jpg,4,0,4,0,0,0,0,0,0,0,0,0,0,0
images-2023-05-20T172329-643_jpeg_jpg.rf.c92626d516bce08a36498ac38870ab00.jpg,5,0,5,0,0,0,0,0,0,0,0,0,0,0
images-2023-05-20T172329-781_jpeg_jpg.rf.e0e8b97a2ac092947c1988ff0308ede2.jpg,1,0,1,0,0,0,0,0,0,0,0,0,0,0
images-2023-05-20T172329-822_jpeg_jpg.rf.e0e52acce6a13abd1d61c0c675a2ded7.jpg,3,0,3,0,0,0,0,0,0,0,0,0,0,0
images-2023-05-20T172330-144_jpeg_jpg.rf.55841158dc88524544d48fe1b6c7fe9f.jpg,1,0,1,0,0,0,0,0,0,0,0,0,0,0
images-2023-05-20T172330-931_jpeg_jpg.rf.503cd1f896c871a83e595b9da585c526.jpg,3,0,1,0,2,0,0,0,0,0,0,0,0,0
images-2023-05-20T172330-976_jpeg_jpg.rf.419792efa8c69cb1b7cef6865aa94210.jpg,3,0,3,0,0,0,0,0,0,0,0,0,0,0
images-2023-05-20T172331-366_jpeg_jpg.rf.d69e16674449160b68babd3325059c8b.jpg,4,0,4,0,0,0,0,0,0,0,0,0,0,0
images-2023-05-20T172331-943_jpeg_jpg.rf.a819debbc65722c1e1e749263a02f1b7.jpg,4,0,4,0,0,0,0,0,0,0,0,0,0,0
images-2023-05-20T172331-978_jpeg_jpg.rf.85aa7d2b4eaa4f844e098500f6ed1e5b.jpg,5,0,5,0,0,0,0,0,0,0,0,0,0,0
images-2023-05-20T172332-919_jpeg_jpg.rf.7577c9f9375756ef875e37f2daa3d40c.jpg,1,0,1,0,0,0,0,0,0,0,0,0,0,0
images-2023-05-20T172333-307_jpeg_jpg.rf.79872daae726ded16165b092cb1164c8.jpg,1,0,1,0,0,0,0,0,0,0,0,0,0,0
images-2023-05-20T172333-380_jpeg_jpg.rf.2848b4346b7c7c81f85f2886fe87b121.jpg,2,0,1,0,1,0,0,0,0,0,0,0,0,0
images-2023-05-20T172333-742_jpeg_jpg.rf.261f992ce99d29bf4759224e1b92f089.jpg,1,0,1,0,0,0,0,0,0,0,0,0,0,0
images-2023-05-20T172334-232_jpeg_jpg.rf.23d76042b5eff8f14b4f517bb1a1aac5.jpg,1,0,1,0,0,0,0,0,0,0,0,0,0,0
images-2023-05-20T172334-598_jpeg_jpg.rf.42bcb2cfe31ab4da31a8c064f7f03dee.jpg,5,0,5,0,0,0,0,0,0,0,0,0,0,0
images-2023-05-20T172334-696_jpeg_jpg.rf.7c3f7e7f82f8d6adc36a30e1994e290a.jpg,1,0,1,0,0,0,0,0,0,0,0,0,0,0
images-2023-05-20T172335-381_jpeg_jpg.rf.c329facd875084401bdfaaa7edaada04.jpg,3,0,3,0,0,0,0,0,0,0,0,0,0,0
images-2023-05-20T172335-381_jpeg_jpg.rf.dd7d3b12117c2c2d7f8316540d5da9cb.jpg,2,0,1,0,0,0,0,1,0,0,0,0,0,0
images-2023-05-20T172335-745_jpeg_jpg.rf.7dbe37b798de7f91c8d8d8c943171a0e.jpg,1,0,1,0,0,0,0,0,0,0,0,0,0,0
images-2023-05-20T172335-745_jpeg_jpg.rf.efb95373c4f720281bc55bf6ab134d6a.jpg,4,0,4,0,0,0,0,0,0,0,0,0,0,0
images-2023-05-20T172336-397_jpeg_jpg.rf.b0ea5cf6d520a028e47ed60b4813c2ed.jpg,1,0,1,0,0,0,0,0,0,0,0,0,0,0
images-2023-05-20T172337-630_jpeg_jpg.rf.f2a5729165b54841a5b39736ca48af2d.jpg,1,0,0,0,0,0,0,0,0,0,0,0,1,0
images-2023-05-20T172337-840_jpeg_jpg.rf.32d2558c03ea4cd22edac89104649cf4.jpg,5,0,1,0,1,1,1,0,0,0,0,0,0,1
images-2023-05-20T172338-367_jpeg_jpg.rf.a3a5d3037df3f47975b8e669e201d30a.jpg,4,0,4,0,0,0,0,0,0,0,0,0,0,0
images-2023-05-20T172338-839_jpeg_jpg.rf.18a688ebf6893495a40d34fc22d70a55.jpg,3,0,2,0,0,0,0,0,0,0,0,0,0,1
images-2023-05-20T172338-982_jpeg_jpg.rf.a633001d0212ce013878a6a4ea209f21.jpg,3,0,2,0,0,0,0,0,0,0,0,0,1,0
images-2023-05-20T172339-026_jpeg_jpg.rf.7cfd43c018d560762d1b3c7db1fe9fe5.jpg,1,0,1,0,0,0,0,0,0,0,0,0,0,0
images-2023-05-20T172339-428_jpeg_jpg.rf.faf592e1729bbd385a15b44866736672.jpg,3,0,1,0,1,0,0,0,0,0,0,0,1,0
images-2023-05-20T172339-478_jpeg_jpg.rf.ad3ae3ba5ef1d309ae205a1c88736bac.jpg,4,0,4,0,0,0,0,0,0,0,0,0,0,0
images-2023-05-20T172339-782_jpeg_jpg.rf.79375afff48a6c9fa4c8a068d266dffc.jpg,1,0,1,0,0,0,0,0,0,0,0,0,0,0
images-2023-05-20T172339-782_jpeg_jpg.rf.93f8ff921e72d0012315753bb34ae227.jpg,4,0,4,0,0,0,0,0,0,0,0,0,0,0
images-2023-05-20T172340-041_jpeg_jpg.rf.89b85f9009c9776f0dc39a5a4224ab85.jpg,4,0,4,0,0,0,0,0,0,0,0,0,0,0
images-2023-05-20T172340-368_jpeg_jpg.rf.351877a7ca6ae30c87fbdb2ebcd03354.jpg,3,0,3,0,0,0,0,0,0,0,0,0,0,0
images-2023-05-20T172340-482_jpeg_jpg.rf.7bc3efab25ccb0147bbb8dd95196de2b.jpg,4,0,4,0,0,0,0,0,0,0,0,0,0,0
images-2023-05-20T172340-745_jpeg_jpg.rf.0a88c116a680d395f35ed169300fec52.jpg,1,0,1,0,0,0,0,0,0,0,0,0,0,0
images-2023-05-20T172341-621_jpeg_jpg.rf.2bdb13a558d9f32c21c9b9a1c6b77dd0.jpg,1,0,1,0,0,0,0,0,0,0,0,0,0,0
images-2023-05-20T172341-621_jpeg_jpg.rf.6040fae99d2c749617c98506d21633db.jpg,4,0,4,0,0,0,0,0,0,0,0,0,0,0
images-2023-05-20T172342-607_jpeg_jpg.rf.d437d4bec798663e1e60291a5a286f84.jpg,2,0,1,0,0,0,0,0,0,1,0,0,0,0
images-2023-05-20T172342-770_jpeg_jpg.rf.3863b3df9d992e148c34b26f2dea2f97.jpg,1,0,1,0,0,0,0,0,0,0,0,0,0,0
images-2023-05-20T172343-444_jpeg_jpg.rf.40f6573e8a8ac1723f76500ef924f6b3.jpg,6,0,5,0,1,0,0,0,0,0,0,0,0,0
images-2023-05-20T172343-444_jpeg_jpg.rf.9acaadfcfa4f5ce17b681553578f38bc.jpg,1,0,1,0,0,0,0,0,0,0,0,0,0,0
images-2023-05-20T172344-489_jpeg_jpg.rf.16b62c1546a62194b4f1f4e6fa6015d7.jpg,1,0,1,0,0,0,0,0,0,0,0,0,0,0
images-23-_jpeg_jpg.rf.3fe817163d1a99b707e3be2c26adff0a.jpg,1,0,1,0,0,0,0,0,0,0,0,0,0,0
images-24-_jpeg_jpg.rf.609ab807b419759b0ba7292be08bd78b.jpg,1,0,1,0,0,0,0,0,0,0,0,0,0,0
images-50-_jpeg_jpg.rf.ee6cc345d2e0967abc57fb715cc6c5e3.jpg,1,0,1,0,0,0,0,0,0,0,0,0,0,0
images-64-_jpeg_jpg.rf.7f0eaa5bdaaee8b3ae14f38751f8c8dc.jpg,6,0,4,0,1,0,0,0,0,0,0,0,1,0
images-66-_jpeg_jpg.rf.65223af9ddd06b70695a5f4f8354396f.jpg,4,0,4,0,0,0,0,0,0,0,0,0,0,0
images-74-_jpeg_jpg.rf.d4c0b2a5cd1ff6b36334a09a5facaaed.jpg,2,0,1,0,0,0,0,0,0,0,0,0,1,0
images-79-_jpeg_jpg.rf.e596383fe5baa9a0ad00f306efaa6df6.jpg,1,0,1,0,0,0,0,0,0,0,0,0,0,0
images-8-_jpeg_jpg.rf.d63f90086d55e0764d46111f982b224e.jpg,1,0,1,0,0,0,0,0,0,0,0,0,0,0
images-81-_jpeg_jpg.rf.d822e3908892e8df5ac30984e9976a39.jpg,3,0,3,0,0,0,0,0,0,0,0,0,0,0
images-87-_jpeg_jpg.rf.21a1e7805728a78c153091acaf7181ba.jpg,1,0,1,0,0,0,0,0,0,0,0,0,0,0
images-89-_jpeg_jpg.rf.b227f9dc7d287df340e20122ec00d3f3.jpg,4,0,4,0,0,0,0,0,0,0,0,0,0,0
images-90-_jpeg_jpg.rf.79fe0e546c3f930293837115e4c9901e.jpg,1,0,1,0,0,0,0,0,0,0,0,0,0,0
images-96-_jpeg_jpg.rf.6b2950d3094067e43492931edfac3dd6.jpg,4,0,4,0,0,0,0,0,0,0,0,0,0,0
images-99-_jpeg_jpg.rf.291bc0581a47f653aa80cb63b08eb45d.jpg,1,0,1,0,0,0,0,0,0,0,0,0,0,0
istockphoto-953181086-612x612_jpeg.rf.cf89b35e5f62362099339c034b25d146.jpg,1,0,0,0,0,0,0,0,0,0,1,0,0,0
moorish_idol_115_jpg.rf.865b16f5d58bbda1b2c28a0f3fabefc5.jpg,1,0,0,0,0,0,0,1,0,0,0,0,0,0
moorish_idol_16_jpg.rf.1f2e66058c1cfeb848c2ffb0b10e10ba.jpg,1,0,0,0,0,0,0,1,0,0,0,0,0,0
moorish_idol_22_jpg.rf.04d80678e350fb62d793d33de69a8135.jpg,1,0,0,0,0,0,0,1,0,0,0,0,0,0
moorish_idol_40_jpg.rf.5d04fc8d009e09ed92c06fa67c2be7c1.jpg,2,0,0,0,0,0,0,2,0,0,0,0,0,0
moorish_idol_63_jpg.rf.573623eca99519e6de356bd0734818a5.jpg,1,0,0,0,0,0,0,1,0,0,0,0,0,0
moorish_idol_68_jpg.rf.0ed3a05763824bddaa68b8973c48727f.jpg,1,0,0,0,0,0,0,1,0,0,0,0,0,0
moorish_idol_88_jpg.rf.2641e2267922955fccb94fb1c359a083.jpg,9,0,0,0,0,0,0,9,0,0,0,0,0,0
palette-surgeonfish-paracanthurus-hepatus-on-coral-reef-in-tulamben-F9A57J_jpg.rf.f8960f2d735db086fe4d2d416d7d0b6e.jpg,4,0,4,0,0,0,0,0,0,0,0,0,0,0
paracanthurus-hepatus-1-_jpg.rf.295da4761a0213cfba86da26ab78d295.jpg,4,0,4,0,0,0,0,0,0,0,0,0,0,0
paracanthurus-hepatus-1-_jpg.rf.56c83597a867bff54972cb8d97b5191d.jpg,1,0,1,0,0,0,0,0,0,0,0,0,0,0
paracanthurus-hepatus-7eb18e0c834c401a86f9dd176afa1027_jpg.rf.003fb97d7b0098e25b0c193d7929fc16.jpg,1,0,1,0,0,0,0,0,0,0,0,0,0,0
paracanthurus-hepatus-blue-tang-m_jpg.rf.908534cd656902552c49db999a077c30.jpg,1,0,1,0,0,0,0,0,0,0,0,0,0,0
paracanthurus-hepatus-blue-tang-m_jpg.rf.b9e5366c98a272315d813990bd50d406.jpg,4,0,4,0,0,0,0,0,0,0,0,0,0,0
paracanthurus-hepatus-in-aquarium-free-photo_jpg.rf.bf6c62d7ce409d8dfe290f5a78b77183.jpg,1,0,1,0,0,0,0,0,0,0,0,0,0,0
paracanthurus-hepatus-paletten-doktorfisch-gelber-bauch_jpg.rf.a2ae3006f26173670ebd4d4b4e429cef.jpg,1,0,1,0,0,0,0,0,0,0,0,0,0,0
ribboned_sweetlips_120_jpg.rf.b0d8c985ede286dae840225148cb1735.jpg,2,0,0,0,0,0,0,0,0,2,0,0,0,0
ribboned_sweetlips_140_jpg.rf.10c707e9434ec1e61ed3385e81befdfb.jpg,1,0,0,0,0,0,0,0,0,1,0,0,0,0
ribboned_sweetlips_17_jpg.rf.f79c3f647a660ff876fb9f1fe97f13e6.jpg,1,0,0,0,0,0,0,0,0,1,0,0,0,0
ribboned_sweetlips_22_jpg.rf.c00db85b649bf4dd5756d5f9d3b02802.jpg,1,0,0,0,0,0,0,0,0,1,0,0,0,0
ribboned_sweetlips_59_jpg.rf.4186329fa7f0e30138f22169b8082eb0.jpg,1,0,0,0,0,0,0,0,0,1,0,0,0,0
ribboned_sweetlips_73_jpg.rf.53449fd1d172dc7ea2c8d30be55da627.jpg,2,0,0,0,0,0,0,0,0,2,0,0,0,0
ribboned_sweetlips_9_jpg.rf.447f9ad107a68f6667b5c89248ad2e29.jpg,1,0,0,0,0,0,0,0,0,1,0,0,0,0
shutterstock_humbug-damsel4_jpeg.rf.12196da8c19df82cc484de4c8460d30b.jpg,1,0,0,0,0,0,0,0,0,0,1,0,0,0
unnamed-1_jpg.rf.873de47ce75a50b404849c8e458c8210.jpg,1,0,1,0,0,0,0,0,0,0,0,0,0,0
unnamed-1_jpg.rf.d985ba6638bf11506db6f4719038d46e.jpg,4,0,4,0,0,0,0,0,0,0,0,0,0,0
videoplayback_mp4-0_jpg.rf.a79ad111ddf301aa1a279b2518978e24.jpg,2,0,0,0,0,2,0,0,0,0,0,0,0,0
videoplayback_mp4-11_jpg.rf.59aed07a54f6c87c2c7d7792fa838442.jpg,2,0,0,0,0,2,0,0,0,0,0,0,0,0
videoplayback_mp4-13_jpg.rf.b59b23c1a1afcfae9e458bc778ded87d.jpg,2,0,0,0,0,2,0,0,0,0,0,0,0,0
videoplayback_mp4-14_jpg.rf.bbf1e3040a33a98c6b46df55ce65bc23.jpg,1,0,0,0,0,1,0,0,0,0,0,0,0,0
videoplayback_mp4-15_jpg.rf.07c398324ab0d8d483251872da8da1e9.jpg,1,0,0,0,0,1,0,0,0,0,0,0,0,0
videoplayback_mp4-20_jpg.rf.379356c5edabf59aefcf354b9ab1852e.jpg,2,0,0,0,0,2,0,0,0,0,0,0,0,0
videoplayback_mp4-22_jpg.rf.d1b3eb7e3653a274fe812b2c2a9d5424.jpg,2,0,0,0,0,2,0,0,0,0,0,0,0,0
videoplayback_mp4-23_jpg.rf.135588f511fddfac489aaca95335859f.jpg,2,0,0,0,0,2,0,0,0,0,0,0,0,0
videoplayback_mp4-25_jpg.rf.930706368210574195b8b3694c329642.jpg,2,0,0,0,0,2,0,0,0,0,0,0,0,0
videoplayback_mp4-2_jpg.rf.c03b1fad697ea4aa9acbecd7713a9b4e.jpg,2,0,0,0,0,2,0,0,0,0,0,0,0,0
videoplayback_mp4-33_jpg.rf.466676ce6a0830bfa73f3f6027725f1d.jpg,2,0,0,0,0,2,0,0,0,0,0,0,0,0
videoplayback_mp4-33_jpg.rf.e976094566a4a943adf89d9830202ef7.jpg,2,0,0,0,0,2,0,0,0,0,0,0,0,0
videoplayback_mp4-36_jpg.rf.00daa0413d044be448bd7cdc7a1fb76d.jpg,2,0,0,0,0,2,0,0,0,0,0,0,0,0
videoplayback_mp4-50_jpg.rf.7c1c2920f4d1da03cef559c759b529ad.jpg,2,0,0,0,0,2,0,0,0,0,0,0,0,0
videoplayback_mp4-52_jpg.rf.5235d9c0bde8c88e843f4f40923bec5f.jpg,2,0,0,0,0,2,0,0,0,0,0,0,0,0
videoplayback_mp4-56_jpg.rf.9b5d99daa8e12d8f0810898be6bcbb41.jpg,2,0,0,0,0,2,0,0,0,0,0,0,0,0
whitetail-dascyllus-dascyllus-aruanus-BMBDR0_jpeg.rf.f553ffde1ddffbed45ebd7fb6334580f.jpg,1,0,0,0,0,0,0,0,0,0,1,0,0,0
youtube-10_jpg.rf.7cbd00f10c1630d97fd38b2b7fa5488b.jpg,1,0,0,0,0,0,0,0,0,0,1,0,0,0
youtube-20_jpg.rf.4de6fd46a3d463b5ffeca101fe1ac06e.jpg,1,0,0,0,0,0,0,0,0,0,1,0,0,0
youtube-26_jpg.rf.e8030891fde99ad0a9088ac0ba731caa.jpg,1,0,0,0,0,0,0,0,0,0,1,0,0,0
youtube-35_jpg.rf.3bab19652ad1d82fea8cdf5373ecc387.jpg,4,0,0,0,0,0,0,0,0,0,4,0,0,0
youtube-35_jpg.rf.48a3103f0631945dd6d8ae926dda6543.jpg,1,0,0,0,0,0,0,0,0,0,1,0,0,0
youtube-53_jpg.rf.a50d88da6dcbc8dc8e14cc222a1bea3a.jpg,2,0,0,0,0,0,0,0,0,0,2,0,0,0
youtube-62_jpg.rf.86a7b71f14a8edc513b9700b70ffa7c2.jpg,2,0,0,0,0,0,0,0,0,0,2,0,0,0
youtube-6_jpg.rf.7e421467cb6339bcca3db533d8cf1b4a.jpg,3,0,0,0,0,0,0,0,0,0,3,0,0,0
youtube-96_jpg.rf.7d69534903150e846a86ea1abb0e73dd.jpg,2,0,0,0,0,0,0,0,0,0,2,0,0,0
